[0m18:32:14.900045 [debug] [MainThread]: Sending event: {'category': 'dbt', 'action': 'invocation', 'label': 'start', 'context': [<snowplow_tracker.self_describing_json.SelfDescribingJson object at 0x1088ffc10>, <snowplow_tracker.self_describing_json.SelfDescribingJson object at 0x1088fe290>, <snowplow_tracker.self_describing_json.SelfDescribingJson object at 0x10896d950>]}


============================== 18:32:14.903032 | eab3352c-8c08-4d3e-80de-6a1f19eaaeaf ==============================
[0m18:32:14.903032 [info ] [MainThread]: Running with dbt=1.8.2
[0m18:32:14.903344 [debug] [MainThread]: running dbt with arguments {'printer_width': '80', 'indirect_selection': 'eager', 'log_cache_events': 'False', 'write_json': 'True', 'partial_parse': 'True', 'cache_selected_only': 'False', 'profiles_dir': '/Users/ivan/downloads/de-ecommerce-warehouse/dbt', 'version_check': 'True', 'warn_error': 'None', 'log_path': 'dbt/logs', 'debug': 'False', 'fail_fast': 'False', 'use_colors': 'True', 'use_experimental_parser': 'False', 'no_print': 'None', 'quiet': 'False', 'warn_error_options': 'WarnErrorOptions(include=[], exclude=[])', 'introspect': 'True', 'static_parser': 'True', 'log_format': 'default', 'target_path': 'None', 'invocation_command': 'dbt deps --project-dir dbt', 'send_anonymous_usage_stats': 'True'}
[0m18:32:14.953948 [debug] [MainThread]: Sending event: {'category': 'dbt', 'action': 'project_id', 'label': 'eab3352c-8c08-4d3e-80de-6a1f19eaaeaf', 'context': [<snowplow_tracker.self_describing_json.SelfDescribingJson object at 0x1086fe850>]}
[0m18:32:14.969140 [info ] [MainThread]: Warning: No packages were found in packages.yml
[0m18:32:14.969767 [info ] [MainThread]: Warning: No packages were found in packages.yml
[0m18:32:14.971991 [debug] [MainThread]: Resource report: {"command_name": "deps", "command_success": true, "command_wall_clock_time": 0.114951335, "process_user_time": 0.748788, "process_kernel_time": 0.206259, "process_mem_max_rss": "106741760", "process_in_blocks": "0", "process_out_blocks": "0"}
[0m18:32:14.972336 [debug] [MainThread]: Command `dbt deps` succeeded at 18:32:14.972271 after 0.12 seconds
[0m18:32:14.972537 [debug] [MainThread]: Sending event: {'category': 'dbt', 'action': 'invocation', 'label': 'end', 'context': [<snowplow_tracker.self_describing_json.SelfDescribingJson object at 0x108982a50>, <snowplow_tracker.self_describing_json.SelfDescribingJson object at 0x108905590>, <snowplow_tracker.self_describing_json.SelfDescribingJson object at 0x102d2b850>]}
[0m18:32:14.972721 [debug] [MainThread]: Flushing usage events
[0m18:32:17.020620 [debug] [MainThread]: Sending event: {'category': 'dbt', 'action': 'invocation', 'label': 'start', 'context': [<snowplow_tracker.self_describing_json.SelfDescribingJson object at 0x111eff490>, <snowplow_tracker.self_describing_json.SelfDescribingJson object at 0x111f35410>, <snowplow_tracker.self_describing_json.SelfDescribingJson object at 0x111f75cd0>]}


============================== 18:32:17.023512 | e50e46b2-62c8-4692-9391-890662192bf5 ==============================
[0m18:32:17.023512 [info ] [MainThread]: Running with dbt=1.8.2
[0m18:32:17.023834 [debug] [MainThread]: running dbt with arguments {'printer_width': '80', 'indirect_selection': 'eager', 'write_json': 'True', 'log_cache_events': 'False', 'partial_parse': 'True', 'cache_selected_only': 'False', 'profiles_dir': '/Users/ivan/downloads/de-ecommerce-warehouse/dbt', 'version_check': 'True', 'fail_fast': 'False', 'log_path': 'dbt/logs', 'warn_error': 'None', 'debug': 'False', 'use_colors': 'True', 'use_experimental_parser': 'False', 'no_print': 'None', 'quiet': 'False', 'warn_error_options': 'WarnErrorOptions(include=[], exclude=[])', 'static_parser': 'True', 'introspect': 'True', 'log_format': 'default', 'target_path': 'None', 'invocation_command': 'dbt run --project-dir dbt', 'send_anonymous_usage_stats': 'True'}
[0m18:32:17.111605 [debug] [MainThread]: Sending event: {'category': 'dbt', 'action': 'project_id', 'label': 'e50e46b2-62c8-4692-9391-890662192bf5', 'context': [<snowplow_tracker.self_describing_json.SelfDescribingJson object at 0x111f92250>]}
[0m18:32:17.133984 [debug] [MainThread]: Sending event: {'category': 'dbt', 'action': 'adapter_info', 'label': 'e50e46b2-62c8-4692-9391-890662192bf5', 'context': [<snowplow_tracker.self_describing_json.SelfDescribingJson object at 0x1075d3b90>]}
[0m18:32:17.135447 [info ] [MainThread]: Registered adapter: postgres=1.8.2
[0m18:32:17.196277 [debug] [MainThread]: checksum: f0a141b9de567cb7f131613ba2682f40b3a1c6a157f81c6e5435862eff68f109, vars: {}, profile: , target: , version: 1.8.2
[0m18:32:17.196774 [info ] [MainThread]: Unable to do partial parsing because saved manifest not found. Starting full parse.
[0m18:32:17.196959 [debug] [MainThread]: Sending event: {'category': 'dbt', 'action': 'partial_parser', 'label': 'e50e46b2-62c8-4692-9391-890662192bf5', 'context': [<snowplow_tracker.self_describing_json.SelfDescribingJson object at 0x1129d3290>]}
[0m18:32:17.693622 [warn ] [MainThread]: [[33mWARNING[0m]: Deprecated functionality
The `tests` config has been renamed to `data_tests`. Please see
https://docs.getdbt.com/docs/build/data-tests#new-data_tests-syntax for more
information.
[0m18:32:17.693914 [debug] [MainThread]: Sending event: {'category': 'dbt', 'action': 'deprecation', 'label': 'e50e46b2-62c8-4692-9391-890662192bf5', 'property_': 'warn', 'context': [<snowplow_tracker.self_describing_json.SelfDescribingJson object at 0x1139d6990>]}
[0m18:32:17.789441 [error] [MainThread]: Encountered an error:
Compilation Error
  Snapshot 'snapshot.ecom_dbt.snap_customers' (snapshots/snap_customers.sql) depends on a source named 'staging_source.raw_customers_view' which was not found
[0m18:32:17.791133 [debug] [MainThread]: Resource report: {"command_name": "run", "command_wall_clock_time": 0.8036552, "process_user_time": 1.298542, "process_kernel_time": 0.154173, "process_mem_max_rss": "118980608", "command_success": false, "process_in_blocks": "0", "process_out_blocks": "0"}
[0m18:32:17.791356 [debug] [MainThread]: Command `dbt run` failed at 18:32:17.791314 after 0.80 seconds
[0m18:32:17.791542 [debug] [MainThread]: Sending event: {'category': 'dbt', 'action': 'invocation', 'label': 'end', 'context': [<snowplow_tracker.self_describing_json.SelfDescribingJson object at 0x113a3b250>, <snowplow_tracker.self_describing_json.SelfDescribingJson object at 0x102f56b90>, <snowplow_tracker.self_describing_json.SelfDescribingJson object at 0x111efbdd0>]}
[0m18:32:17.791716 [debug] [MainThread]: Flushing usage events
[0m18:32:19.988719 [debug] [MainThread]: Sending event: {'category': 'dbt', 'action': 'invocation', 'label': 'start', 'context': [<snowplow_tracker.self_describing_json.SelfDescribingJson object at 0x104e2a910>, <snowplow_tracker.self_describing_json.SelfDescribingJson object at 0x1038ba110>, <snowplow_tracker.self_describing_json.SelfDescribingJson object at 0x104e99850>]}


============================== 18:32:19.992103 | 95cd9598-40bf-4769-96c6-5756199b2b5d ==============================
[0m18:32:19.992103 [info ] [MainThread]: Running with dbt=1.8.2
[0m18:32:19.992598 [debug] [MainThread]: running dbt with arguments {'printer_width': '80', 'indirect_selection': 'eager', 'log_cache_events': 'False', 'write_json': 'True', 'partial_parse': 'True', 'cache_selected_only': 'False', 'warn_error': 'None', 'debug': 'False', 'profiles_dir': '/Users/ivan/downloads/de-ecommerce-warehouse/dbt', 'log_path': 'dbt/logs', 'fail_fast': 'False', 'version_check': 'True', 'use_colors': 'True', 'use_experimental_parser': 'False', 'no_print': 'None', 'quiet': 'False', 'warn_error_options': 'WarnErrorOptions(include=[], exclude=[])', 'introspect': 'True', 'invocation_command': 'dbt snapshot --project-dir dbt', 'log_format': 'default', 'target_path': 'None', 'static_parser': 'True', 'send_anonymous_usage_stats': 'True'}
[0m18:32:20.068078 [debug] [MainThread]: Sending event: {'category': 'dbt', 'action': 'project_id', 'label': '95cd9598-40bf-4769-96c6-5756199b2b5d', 'context': [<snowplow_tracker.self_describing_json.SelfDescribingJson object at 0x104e98e90>]}
[0m18:32:20.092302 [debug] [MainThread]: Sending event: {'category': 'dbt', 'action': 'adapter_info', 'label': '95cd9598-40bf-4769-96c6-5756199b2b5d', 'context': [<snowplow_tracker.self_describing_json.SelfDescribingJson object at 0x102b6fed0>]}
[0m18:32:20.093056 [info ] [MainThread]: Registered adapter: postgres=1.8.2
[0m18:32:20.147962 [debug] [MainThread]: checksum: f0a141b9de567cb7f131613ba2682f40b3a1c6a157f81c6e5435862eff68f109, vars: {}, profile: , target: , version: 1.8.2
[0m18:32:20.148436 [info ] [MainThread]: Unable to do partial parsing because saved manifest not found. Starting full parse.
[0m18:32:20.148637 [debug] [MainThread]: Sending event: {'category': 'dbt', 'action': 'partial_parser', 'label': '95cd9598-40bf-4769-96c6-5756199b2b5d', 'context': [<snowplow_tracker.self_describing_json.SelfDescribingJson object at 0x1048493d0>]}
[0m18:32:20.880148 [warn ] [MainThread]: [[33mWARNING[0m]: Deprecated functionality
The `tests` config has been renamed to `data_tests`. Please see
https://docs.getdbt.com/docs/build/data-tests#new-data_tests-syntax for more
information.
[0m18:32:20.880489 [debug] [MainThread]: Sending event: {'category': 'dbt', 'action': 'deprecation', 'label': '95cd9598-40bf-4769-96c6-5756199b2b5d', 'property_': 'warn', 'context': [<snowplow_tracker.self_describing_json.SelfDescribingJson object at 0x10622bbd0>]}
[0m18:32:20.981605 [error] [MainThread]: Encountered an error:
Compilation Error
  Snapshot 'snapshot.ecom_dbt.snap_customers' (snapshots/snap_customers.sql) depends on a source named 'staging_source.raw_customers_view' which was not found
[0m18:32:20.983765 [debug] [MainThread]: Resource report: {"command_name": "snapshot", "command_wall_clock_time": 1.0278329, "process_user_time": 1.302266, "process_kernel_time": 0.134684, "process_mem_max_rss": "115032064", "command_success": false, "process_in_blocks": "0", "process_out_blocks": "0"}
[0m18:32:20.984134 [debug] [MainThread]: Command `dbt snapshot` failed at 18:32:20.984068 after 1.03 seconds
[0m18:32:20.984388 [debug] [MainThread]: Sending event: {'category': 'dbt', 'action': 'invocation', 'label': 'end', 'context': [<snowplow_tracker.self_describing_json.SelfDescribingJson object at 0x100a3ead0>, <snowplow_tracker.self_describing_json.SelfDescribingJson object at 0x100a3d5d0>, <snowplow_tracker.self_describing_json.SelfDescribingJson object at 0x110b50d50>]}
[0m18:32:20.984605 [debug] [MainThread]: Flushing usage events
[0m18:32:23.021563 [debug] [MainThread]: Sending event: {'category': 'dbt', 'action': 'invocation', 'label': 'start', 'context': [<snowplow_tracker.self_describing_json.SelfDescribingJson object at 0x110efcb10>, <snowplow_tracker.self_describing_json.SelfDescribingJson object at 0x110f75290>, <snowplow_tracker.self_describing_json.SelfDescribingJson object at 0x110f75b10>]}


============================== 18:32:23.024132 | 281fa21a-39d2-434a-b77e-d4ed9cc078a3 ==============================
[0m18:32:23.024132 [info ] [MainThread]: Running with dbt=1.8.2
[0m18:32:23.024444 [debug] [MainThread]: running dbt with arguments {'printer_width': '80', 'indirect_selection': 'eager', 'log_cache_events': 'False', 'write_json': 'True', 'partial_parse': 'True', 'cache_selected_only': 'False', 'profiles_dir': '/Users/ivan/downloads/de-ecommerce-warehouse/dbt', 'debug': 'False', 'warn_error': 'None', 'log_path': 'dbt/logs', 'fail_fast': 'False', 'version_check': 'True', 'use_colors': 'True', 'use_experimental_parser': 'False', 'no_print': 'None', 'quiet': 'False', 'warn_error_options': 'WarnErrorOptions(include=[], exclude=[])', 'introspect': 'True', 'invocation_command': 'dbt run --project-dir dbt --select marts', 'log_format': 'default', 'target_path': 'None', 'static_parser': 'True', 'send_anonymous_usage_stats': 'True'}
[0m18:32:23.095171 [debug] [MainThread]: Sending event: {'category': 'dbt', 'action': 'project_id', 'label': '281fa21a-39d2-434a-b77e-d4ed9cc078a3', 'context': [<snowplow_tracker.self_describing_json.SelfDescribingJson object at 0x110a04610>]}
[0m18:32:23.118889 [debug] [MainThread]: Sending event: {'category': 'dbt', 'action': 'adapter_info', 'label': '281fa21a-39d2-434a-b77e-d4ed9cc078a3', 'context': [<snowplow_tracker.self_describing_json.SelfDescribingJson object at 0x1047afd10>]}
[0m18:32:23.119718 [info ] [MainThread]: Registered adapter: postgres=1.8.2
[0m18:32:23.174817 [debug] [MainThread]: checksum: f0a141b9de567cb7f131613ba2682f40b3a1c6a157f81c6e5435862eff68f109, vars: {}, profile: , target: , version: 1.8.2
[0m18:32:23.175302 [info ] [MainThread]: Unable to do partial parsing because saved manifest not found. Starting full parse.
[0m18:32:23.175496 [debug] [MainThread]: Sending event: {'category': 'dbt', 'action': 'partial_parser', 'label': '281fa21a-39d2-434a-b77e-d4ed9cc078a3', 'context': [<snowplow_tracker.self_describing_json.SelfDescribingJson object at 0x111b0a150>]}
[0m18:32:23.653258 [warn ] [MainThread]: [[33mWARNING[0m]: Deprecated functionality
The `tests` config has been renamed to `data_tests`. Please see
https://docs.getdbt.com/docs/build/data-tests#new-data_tests-syntax for more
information.
[0m18:32:23.653545 [debug] [MainThread]: Sending event: {'category': 'dbt', 'action': 'deprecation', 'label': '281fa21a-39d2-434a-b77e-d4ed9cc078a3', 'property_': 'warn', 'context': [<snowplow_tracker.self_describing_json.SelfDescribingJson object at 0x1114f5790>]}
[0m18:32:23.754042 [error] [MainThread]: Encountered an error:
Compilation Error
  Snapshot 'snapshot.ecom_dbt.snap_customers' (snapshots/snap_customers.sql) depends on a source named 'staging_source.raw_customers_view' which was not found
[0m18:32:23.756062 [debug] [MainThread]: Resource report: {"command_name": "run", "command_wall_clock_time": 0.77282023, "process_user_time": 1.295173, "process_kernel_time": 0.138583, "process_mem_max_rss": "119980032", "command_success": false, "process_in_blocks": "0", "process_out_blocks": "0"}
[0m18:32:23.756432 [debug] [MainThread]: Command `dbt run` failed at 18:32:23.756378 after 0.77 seconds
[0m18:32:23.756658 [debug] [MainThread]: Sending event: {'category': 'dbt', 'action': 'invocation', 'label': 'end', 'context': [<snowplow_tracker.self_describing_json.SelfDescribingJson object at 0x110efbed0>, <snowplow_tracker.self_describing_json.SelfDescribingJson object at 0x10234b350>, <snowplow_tracker.self_describing_json.SelfDescribingJson object at 0x111f41350>]}
[0m18:32:23.756860 [debug] [MainThread]: Flushing usage events
[0m18:32:26.689556 [debug] [MainThread]: Sending event: {'category': 'dbt', 'action': 'invocation', 'label': 'start', 'context': [<snowplow_tracker.self_describing_json.SelfDescribingJson object at 0x10898c810>, <snowplow_tracker.self_describing_json.SelfDescribingJson object at 0x10898c2d0>, <snowplow_tracker.self_describing_json.SelfDescribingJson object at 0x1089f9990>]}


============================== 18:32:26.692965 | b604154b-f3d1-400f-8405-b91cf8983a11 ==============================
[0m18:32:26.692965 [info ] [MainThread]: Running with dbt=1.8.2
[0m18:32:26.693298 [debug] [MainThread]: running dbt with arguments {'printer_width': '80', 'indirect_selection': 'eager', 'write_json': 'True', 'log_cache_events': 'False', 'partial_parse': 'True', 'cache_selected_only': 'False', 'warn_error': 'None', 'fail_fast': 'False', 'debug': 'False', 'log_path': 'dbt/logs', 'version_check': 'True', 'profiles_dir': '/Users/ivan/downloads/de-ecommerce-warehouse/dbt', 'use_colors': 'True', 'use_experimental_parser': 'False', 'no_print': 'None', 'quiet': 'False', 'warn_error_options': 'WarnErrorOptions(include=[], exclude=[])', 'static_parser': 'True', 'log_format': 'default', 'introspect': 'True', 'target_path': 'None', 'invocation_command': 'dbt test --project-dir dbt', 'send_anonymous_usage_stats': 'True'}
[0m18:32:26.772760 [debug] [MainThread]: Sending event: {'category': 'dbt', 'action': 'project_id', 'label': 'b604154b-f3d1-400f-8405-b91cf8983a11', 'context': [<snowplow_tracker.self_describing_json.SelfDescribingJson object at 0x108a30810>]}
[0m18:32:26.796691 [debug] [MainThread]: Sending event: {'category': 'dbt', 'action': 'adapter_info', 'label': 'b604154b-f3d1-400f-8405-b91cf8983a11', 'context': [<snowplow_tracker.self_describing_json.SelfDescribingJson object at 0x106897c10>]}
[0m18:32:26.797442 [info ] [MainThread]: Registered adapter: postgres=1.8.2
[0m18:32:26.853186 [debug] [MainThread]: checksum: f0a141b9de567cb7f131613ba2682f40b3a1c6a157f81c6e5435862eff68f109, vars: {}, profile: , target: , version: 1.8.2
[0m18:32:26.853909 [info ] [MainThread]: Unable to do partial parsing because saved manifest not found. Starting full parse.
[0m18:32:26.854190 [debug] [MainThread]: Sending event: {'category': 'dbt', 'action': 'partial_parser', 'label': 'b604154b-f3d1-400f-8405-b91cf8983a11', 'context': [<snowplow_tracker.self_describing_json.SelfDescribingJson object at 0x109477cd0>]}
[0m18:32:27.377640 [warn ] [MainThread]: [[33mWARNING[0m]: Deprecated functionality
The `tests` config has been renamed to `data_tests`. Please see
https://docs.getdbt.com/docs/build/data-tests#new-data_tests-syntax for more
information.
[0m18:32:27.377967 [debug] [MainThread]: Sending event: {'category': 'dbt', 'action': 'deprecation', 'label': 'b604154b-f3d1-400f-8405-b91cf8983a11', 'property_': 'warn', 'context': [<snowplow_tracker.self_describing_json.SelfDescribingJson object at 0x1094f8210>]}
[0m18:32:27.485703 [error] [MainThread]: Encountered an error:
Compilation Error
  Snapshot 'snapshot.ecom_dbt.snap_customers' (snapshots/snap_customers.sql) depends on a source named 'staging_source.raw_customers_view' which was not found
[0m18:32:27.488284 [debug] [MainThread]: Resource report: {"command_name": "test", "command_wall_clock_time": 0.83762175, "process_user_time": 1.31216, "process_kernel_time": 0.140329, "process_mem_max_rss": "115998720", "command_success": false, "process_in_blocks": "0", "process_out_blocks": "0"}
[0m18:32:27.488573 [debug] [MainThread]: Command `dbt test` failed at 18:32:27.488517 after 0.84 seconds
[0m18:32:27.488774 [debug] [MainThread]: Sending event: {'category': 'dbt', 'action': 'invocation', 'label': 'end', 'context': [<snowplow_tracker.self_describing_json.SelfDescribingJson object at 0x1047e55d0>, <snowplow_tracker.self_describing_json.SelfDescribingJson object at 0x109762bd0>, <snowplow_tracker.self_describing_json.SelfDescribingJson object at 0x109763fd0>]}
[0m18:32:27.488951 [debug] [MainThread]: Flushing usage events
[0m18:32:41.130555 [debug] [MainThread]: Sending event: {'category': 'dbt', 'action': 'invocation', 'label': 'start', 'context': [<snowplow_tracker.self_describing_json.SelfDescribingJson object at 0x10495e490>, <snowplow_tracker.self_describing_json.SelfDescribingJson object at 0x1049ccfd0>, <snowplow_tracker.self_describing_json.SelfDescribingJson object at 0x1049cd7d0>]}


============================== 18:32:41.134402 | 55aaea1c-5247-4287-96db-ece7ce7d714e ==============================
[0m18:32:41.134402 [info ] [MainThread]: Running with dbt=1.8.2
[0m18:32:41.134908 [debug] [MainThread]: running dbt with arguments {'printer_width': '80', 'indirect_selection': 'eager', 'log_cache_events': 'False', 'write_json': 'True', 'partial_parse': 'True', 'cache_selected_only': 'False', 'profiles_dir': '/Users/ivan/downloads/de-ecommerce-warehouse/dbt', 'debug': 'False', 'fail_fast': 'False', 'log_path': 'dbt/logs', 'version_check': 'True', 'warn_error': 'None', 'use_colors': 'True', 'use_experimental_parser': 'False', 'no_print': 'None', 'quiet': 'False', 'log_format': 'default', 'static_parser': 'True', 'warn_error_options': 'WarnErrorOptions(include=[], exclude=[])', 'introspect': 'True', 'target_path': 'None', 'invocation_command': 'dbt deps --project-dir dbt', 'send_anonymous_usage_stats': 'True'}
[0m18:32:41.182218 [debug] [MainThread]: Sending event: {'category': 'dbt', 'action': 'project_id', 'label': '55aaea1c-5247-4287-96db-ece7ce7d714e', 'context': [<snowplow_tracker.self_describing_json.SelfDescribingJson object at 0x10499f650>]}
[0m18:32:41.195253 [info ] [MainThread]: Warning: No packages were found in packages.yml
[0m18:32:41.196014 [info ] [MainThread]: Warning: No packages were found in packages.yml
[0m18:32:41.198427 [debug] [MainThread]: Resource report: {"command_name": "deps", "command_success": true, "command_wall_clock_time": 0.11004075, "process_user_time": 0.752862, "process_kernel_time": 0.186285, "process_mem_max_rss": "106233856", "process_in_blocks": "0", "process_out_blocks": "0"}
[0m18:32:41.198801 [debug] [MainThread]: Command `dbt deps` succeeded at 18:32:41.198729 after 0.11 seconds
[0m18:32:41.199010 [debug] [MainThread]: Sending event: {'category': 'dbt', 'action': 'invocation', 'label': 'end', 'context': [<snowplow_tracker.self_describing_json.SelfDescribingJson object at 0x104965690>, <snowplow_tracker.self_describing_json.SelfDescribingJson object at 0x1049e28d0>, <snowplow_tracker.self_describing_json.SelfDescribingJson object at 0x1049a84d0>]}
[0m18:32:41.199182 [debug] [MainThread]: Flushing usage events
[0m18:32:43.175397 [debug] [MainThread]: Sending event: {'category': 'dbt', 'action': 'invocation', 'label': 'start', 'context': [<snowplow_tracker.self_describing_json.SelfDescribingJson object at 0x109cffd50>, <snowplow_tracker.self_describing_json.SelfDescribingJson object at 0x109cfced0>, <snowplow_tracker.self_describing_json.SelfDescribingJson object at 0x109d48950>]}


============================== 18:32:43.178869 | 4ae000eb-683a-4883-8442-dfb555a31e2e ==============================
[0m18:32:43.178869 [info ] [MainThread]: Running with dbt=1.8.2
[0m18:32:43.179247 [debug] [MainThread]: running dbt with arguments {'printer_width': '80', 'indirect_selection': 'eager', 'log_cache_events': 'False', 'write_json': 'True', 'partial_parse': 'True', 'cache_selected_only': 'False', 'warn_error': 'None', 'debug': 'False', 'fail_fast': 'False', 'log_path': 'dbt/logs', 'version_check': 'True', 'profiles_dir': '/Users/ivan/downloads/de-ecommerce-warehouse/dbt', 'use_colors': 'True', 'use_experimental_parser': 'False', 'no_print': 'None', 'quiet': 'False', 'warn_error_options': 'WarnErrorOptions(include=[], exclude=[])', 'introspect': 'True', 'log_format': 'default', 'invocation_command': 'dbt run --project-dir dbt', 'target_path': 'None', 'static_parser': 'True', 'send_anonymous_usage_stats': 'True'}
[0m18:32:43.265579 [debug] [MainThread]: Sending event: {'category': 'dbt', 'action': 'project_id', 'label': '4ae000eb-683a-4883-8442-dfb555a31e2e', 'context': [<snowplow_tracker.self_describing_json.SelfDescribingJson object at 0x1080aaf50>]}
[0m18:32:43.289874 [debug] [MainThread]: Sending event: {'category': 'dbt', 'action': 'adapter_info', 'label': '4ae000eb-683a-4883-8442-dfb555a31e2e', 'context': [<snowplow_tracker.self_describing_json.SelfDescribingJson object at 0x109d3f110>]}
[0m18:32:43.290934 [info ] [MainThread]: Registered adapter: postgres=1.8.2
[0m18:32:43.353620 [debug] [MainThread]: checksum: f0a141b9de567cb7f131613ba2682f40b3a1c6a157f81c6e5435862eff68f109, vars: {}, profile: , target: , version: 1.8.2
[0m18:32:43.354326 [info ] [MainThread]: Unable to do partial parsing because saved manifest not found. Starting full parse.
[0m18:32:43.354596 [debug] [MainThread]: Sending event: {'category': 'dbt', 'action': 'partial_parser', 'label': '4ae000eb-683a-4883-8442-dfb555a31e2e', 'context': [<snowplow_tracker.self_describing_json.SelfDescribingJson object at 0x10a797c10>]}
[0m18:32:43.864580 [warn ] [MainThread]: [[33mWARNING[0m]: Deprecated functionality
The `tests` config has been renamed to `data_tests`. Please see
https://docs.getdbt.com/docs/build/data-tests#new-data_tests-syntax for more
information.
[0m18:32:43.864918 [debug] [MainThread]: Sending event: {'category': 'dbt', 'action': 'deprecation', 'label': '4ae000eb-683a-4883-8442-dfb555a31e2e', 'property_': 'warn', 'context': [<snowplow_tracker.self_describing_json.SelfDescribingJson object at 0x10a839450>]}
[0m18:32:43.972113 [error] [MainThread]: Encountered an error:
Compilation Error
  Snapshot 'snapshot.ecom_dbt.snap_customers' (snapshots/snap_customers.sql) depends on a source named 'staging_source.raw_customers_view' which was not found
[0m18:32:43.974135 [debug] [MainThread]: Resource report: {"command_name": "run", "command_wall_clock_time": 0.8349219, "process_user_time": 1.315491, "process_kernel_time": 0.15135, "process_mem_max_rss": "123109376", "command_success": false, "process_in_blocks": "0", "process_out_blocks": "0"}
[0m18:32:43.974521 [debug] [MainThread]: Command `dbt run` failed at 18:32:43.974461 after 0.84 seconds
[0m18:32:43.974765 [debug] [MainThread]: Sending event: {'category': 'dbt', 'action': 'invocation', 'label': 'end', 'context': [<snowplow_tracker.self_describing_json.SelfDescribingJson object at 0x1074c2510>, <snowplow_tracker.self_describing_json.SelfDescribingJson object at 0x105097950>, <snowplow_tracker.self_describing_json.SelfDescribingJson object at 0x10ad7dd50>]}
[0m18:32:43.975006 [debug] [MainThread]: Flushing usage events
[0m18:32:46.178218 [debug] [MainThread]: Sending event: {'category': 'dbt', 'action': 'invocation', 'label': 'start', 'context': [<snowplow_tracker.self_describing_json.SelfDescribingJson object at 0x10c834e10>, <snowplow_tracker.self_describing_json.SelfDescribingJson object at 0x10bffc290>, <snowplow_tracker.self_describing_json.SelfDescribingJson object at 0x10c8718d0>]}


============================== 18:32:46.181163 | 58e02625-ec4c-4bab-a04d-ffba80fbab9f ==============================
[0m18:32:46.181163 [info ] [MainThread]: Running with dbt=1.8.2
[0m18:32:46.181479 [debug] [MainThread]: running dbt with arguments {'printer_width': '80', 'indirect_selection': 'eager', 'log_cache_events': 'False', 'write_json': 'True', 'partial_parse': 'True', 'cache_selected_only': 'False', 'warn_error': 'None', 'debug': 'False', 'profiles_dir': '/Users/ivan/downloads/de-ecommerce-warehouse/dbt', 'log_path': 'dbt/logs', 'fail_fast': 'False', 'version_check': 'True', 'use_colors': 'True', 'use_experimental_parser': 'False', 'no_print': 'None', 'quiet': 'False', 'log_format': 'default', 'introspect': 'True', 'static_parser': 'True', 'warn_error_options': 'WarnErrorOptions(include=[], exclude=[])', 'target_path': 'None', 'invocation_command': 'dbt snapshot --project-dir dbt', 'send_anonymous_usage_stats': 'True'}
[0m18:32:46.250157 [debug] [MainThread]: Sending event: {'category': 'dbt', 'action': 'project_id', 'label': '58e02625-ec4c-4bab-a04d-ffba80fbab9f', 'context': [<snowplow_tracker.self_describing_json.SelfDescribingJson object at 0x10825cb10>]}
[0m18:32:46.275808 [debug] [MainThread]: Sending event: {'category': 'dbt', 'action': 'adapter_info', 'label': '58e02625-ec4c-4bab-a04d-ffba80fbab9f', 'context': [<snowplow_tracker.self_describing_json.SelfDescribingJson object at 0x107db8090>]}
[0m18:32:46.276531 [info ] [MainThread]: Registered adapter: postgres=1.8.2
[0m18:32:46.331414 [debug] [MainThread]: checksum: f0a141b9de567cb7f131613ba2682f40b3a1c6a157f81c6e5435862eff68f109, vars: {}, profile: , target: , version: 1.8.2
[0m18:32:46.331888 [info ] [MainThread]: Unable to do partial parsing because saved manifest not found. Starting full parse.
[0m18:32:46.332086 [debug] [MainThread]: Sending event: {'category': 'dbt', 'action': 'partial_parser', 'label': '58e02625-ec4c-4bab-a04d-ffba80fbab9f', 'context': [<snowplow_tracker.self_describing_json.SelfDescribingJson object at 0x10d3bba90>]}
[0m18:32:46.823901 [warn ] [MainThread]: [[33mWARNING[0m]: Deprecated functionality
The `tests` config has been renamed to `data_tests`. Please see
https://docs.getdbt.com/docs/build/data-tests#new-data_tests-syntax for more
information.
[0m18:32:46.824492 [debug] [MainThread]: Sending event: {'category': 'dbt', 'action': 'deprecation', 'label': '58e02625-ec4c-4bab-a04d-ffba80fbab9f', 'property_': 'warn', 'context': [<snowplow_tracker.self_describing_json.SelfDescribingJson object at 0x10e308c50>]}
[0m18:32:47.212725 [error] [MainThread]: Encountered an error:
Compilation Error
  Snapshot 'snapshot.ecom_dbt.snap_customers' (snapshots/snap_customers.sql) depends on a source named 'staging_source.raw_customers_view' which was not found
[0m18:32:47.215051 [debug] [MainThread]: Resource report: {"command_name": "snapshot", "command_wall_clock_time": 1.0700245, "process_user_time": 1.325598, "process_kernel_time": 0.155893, "process_mem_max_rss": "118898688", "command_success": false, "process_in_blocks": "0", "process_out_blocks": "0"}
[0m18:32:47.215340 [debug] [MainThread]: Command `dbt snapshot` failed at 18:32:47.215286 after 1.07 seconds
[0m18:32:47.215543 [debug] [MainThread]: Sending event: {'category': 'dbt', 'action': 'invocation', 'label': 'end', 'context': [<snowplow_tracker.self_describing_json.SelfDescribingJson object at 0x10e062790>, <snowplow_tracker.self_describing_json.SelfDescribingJson object at 0x105166ad0>, <snowplow_tracker.self_describing_json.SelfDescribingJson object at 0x10e33b7d0>]}
[0m18:32:47.215726 [debug] [MainThread]: Flushing usage events
[0m18:32:49.320644 [debug] [MainThread]: Sending event: {'category': 'dbt', 'action': 'invocation', 'label': 'start', 'context': [<snowplow_tracker.self_describing_json.SelfDescribingJson object at 0x1069061d0>, <snowplow_tracker.self_describing_json.SelfDescribingJson object at 0x106970f10>, <snowplow_tracker.self_describing_json.SelfDescribingJson object at 0x106971750>]}


============================== 18:32:49.323962 | 2e96f3cc-f7a7-41a6-a858-6897f82fc251 ==============================
[0m18:32:49.323962 [info ] [MainThread]: Running with dbt=1.8.2
[0m18:32:49.324511 [debug] [MainThread]: running dbt with arguments {'printer_width': '80', 'indirect_selection': 'eager', 'log_cache_events': 'False', 'write_json': 'True', 'partial_parse': 'True', 'cache_selected_only': 'False', 'warn_error': 'None', 'debug': 'False', 'profiles_dir': '/Users/ivan/downloads/de-ecommerce-warehouse/dbt', 'log_path': 'dbt/logs', 'fail_fast': 'False', 'version_check': 'True', 'use_colors': 'True', 'use_experimental_parser': 'False', 'no_print': 'None', 'quiet': 'False', 'log_format': 'default', 'introspect': 'True', 'static_parser': 'True', 'warn_error_options': 'WarnErrorOptions(include=[], exclude=[])', 'target_path': 'None', 'invocation_command': 'dbt run --project-dir dbt --select marts', 'send_anonymous_usage_stats': 'True'}
[0m18:32:49.403568 [debug] [MainThread]: Sending event: {'category': 'dbt', 'action': 'project_id', 'label': '2e96f3cc-f7a7-41a6-a858-6897f82fc251', 'context': [<snowplow_tracker.self_describing_json.SelfDescribingJson object at 0x10692b4d0>]}
[0m18:32:49.427592 [debug] [MainThread]: Sending event: {'category': 'dbt', 'action': 'adapter_info', 'label': '2e96f3cc-f7a7-41a6-a858-6897f82fc251', 'context': [<snowplow_tracker.self_describing_json.SelfDescribingJson object at 0x1046cfd10>]}
[0m18:32:49.428266 [info ] [MainThread]: Registered adapter: postgres=1.8.2
[0m18:32:49.482469 [debug] [MainThread]: checksum: f0a141b9de567cb7f131613ba2682f40b3a1c6a157f81c6e5435862eff68f109, vars: {}, profile: , target: , version: 1.8.2
[0m18:32:49.482944 [info ] [MainThread]: Unable to do partial parsing because saved manifest not found. Starting full parse.
[0m18:32:49.483135 [debug] [MainThread]: Sending event: {'category': 'dbt', 'action': 'partial_parser', 'label': '2e96f3cc-f7a7-41a6-a858-6897f82fc251', 'context': [<snowplow_tracker.self_describing_json.SelfDescribingJson object at 0x10694cc50>]}
[0m18:32:49.973062 [warn ] [MainThread]: [[33mWARNING[0m]: Deprecated functionality
The `tests` config has been renamed to `data_tests`. Please see
https://docs.getdbt.com/docs/build/data-tests#new-data_tests-syntax for more
information.
[0m18:32:49.973457 [debug] [MainThread]: Sending event: {'category': 'dbt', 'action': 'deprecation', 'label': '2e96f3cc-f7a7-41a6-a858-6897f82fc251', 'property_': 'warn', 'context': [<snowplow_tracker.self_describing_json.SelfDescribingJson object at 0x107c89a10>]}
[0m18:32:50.071778 [error] [MainThread]: Encountered an error:
Compilation Error
  Snapshot 'snapshot.ecom_dbt.snap_customers' (snapshots/snap_customers.sql) depends on a source named 'staging_source.raw_customers_view' which was not found
[0m18:32:50.073781 [debug] [MainThread]: Resource report: {"command_name": "run", "command_wall_clock_time": 0.78927594, "process_user_time": 1.315344, "process_kernel_time": 0.140095, "process_mem_max_rss": "120782848", "command_success": false, "process_in_blocks": "0", "process_out_blocks": "0"}
[0m18:32:50.074183 [debug] [MainThread]: Command `dbt run` failed at 18:32:50.074123 after 0.79 seconds
[0m18:32:50.074438 [debug] [MainThread]: Sending event: {'category': 'dbt', 'action': 'invocation', 'label': 'end', 'context': [<snowplow_tracker.self_describing_json.SelfDescribingJson object at 0x108c82590>, <snowplow_tracker.self_describing_json.SelfDescribingJson object at 0x108c1b5d0>, <snowplow_tracker.self_describing_json.SelfDescribingJson object at 0x10257d790>]}
[0m18:32:50.074649 [debug] [MainThread]: Flushing usage events
[0m18:32:52.248726 [debug] [MainThread]: Sending event: {'category': 'dbt', 'action': 'invocation', 'label': 'start', 'context': [<snowplow_tracker.self_describing_json.SelfDescribingJson object at 0x10688f850>, <snowplow_tracker.self_describing_json.SelfDescribingJson object at 0x1068cbc10>, <snowplow_tracker.self_describing_json.SelfDescribingJson object at 0x1068f9710>]}


============================== 18:32:52.251562 | a156eeaa-8112-4b27-8171-e3d97fbe3d24 ==============================
[0m18:32:52.251562 [info ] [MainThread]: Running with dbt=1.8.2
[0m18:32:52.251894 [debug] [MainThread]: running dbt with arguments {'printer_width': '80', 'indirect_selection': 'eager', 'log_cache_events': 'False', 'write_json': 'True', 'partial_parse': 'True', 'cache_selected_only': 'False', 'warn_error': 'None', 'debug': 'False', 'profiles_dir': '/Users/ivan/downloads/de-ecommerce-warehouse/dbt', 'log_path': 'dbt/logs', 'fail_fast': 'False', 'version_check': 'True', 'use_colors': 'True', 'use_experimental_parser': 'False', 'no_print': 'None', 'quiet': 'False', 'log_format': 'default', 'invocation_command': 'dbt test --project-dir dbt', 'static_parser': 'True', 'introspect': 'True', 'target_path': 'None', 'warn_error_options': 'WarnErrorOptions(include=[], exclude=[])', 'send_anonymous_usage_stats': 'True'}
[0m18:32:52.327906 [debug] [MainThread]: Sending event: {'category': 'dbt', 'action': 'project_id', 'label': 'a156eeaa-8112-4b27-8171-e3d97fbe3d24', 'context': [<snowplow_tracker.self_describing_json.SelfDescribingJson object at 0x1068c14d0>]}
[0m18:32:52.353236 [debug] [MainThread]: Sending event: {'category': 'dbt', 'action': 'adapter_info', 'label': 'a156eeaa-8112-4b27-8171-e3d97fbe3d24', 'context': [<snowplow_tracker.self_describing_json.SelfDescribingJson object at 0x1047a0290>]}
[0m18:32:52.353995 [info ] [MainThread]: Registered adapter: postgres=1.8.2
[0m18:32:52.410772 [debug] [MainThread]: checksum: f0a141b9de567cb7f131613ba2682f40b3a1c6a157f81c6e5435862eff68f109, vars: {}, profile: , target: , version: 1.8.2
[0m18:32:52.411244 [info ] [MainThread]: Unable to do partial parsing because saved manifest not found. Starting full parse.
[0m18:32:52.411438 [debug] [MainThread]: Sending event: {'category': 'dbt', 'action': 'partial_parser', 'label': 'a156eeaa-8112-4b27-8171-e3d97fbe3d24', 'context': [<snowplow_tracker.self_describing_json.SelfDescribingJson object at 0x10734a0d0>]}
[0m18:32:52.906619 [warn ] [MainThread]: [[33mWARNING[0m]: Deprecated functionality
The `tests` config has been renamed to `data_tests`. Please see
https://docs.getdbt.com/docs/build/data-tests#new-data_tests-syntax for more
information.
[0m18:32:52.906918 [debug] [MainThread]: Sending event: {'category': 'dbt', 'action': 'deprecation', 'label': 'a156eeaa-8112-4b27-8171-e3d97fbe3d24', 'property_': 'warn', 'context': [<snowplow_tracker.self_describing_json.SelfDescribingJson object at 0x10741b2d0>]}
[0m18:32:53.000775 [error] [MainThread]: Encountered an error:
Compilation Error
  Snapshot 'snapshot.ecom_dbt.snap_customers' (snapshots/snap_customers.sql) depends on a source named 'staging_source.raw_customers_view' which was not found
[0m18:32:53.003711 [debug] [MainThread]: Resource report: {"command_name": "test", "command_wall_clock_time": 0.7933114, "process_user_time": 1.317111, "process_kernel_time": 0.134639, "process_mem_max_rss": "120307712", "command_success": false, "process_in_blocks": "0", "process_out_blocks": "0"}
[0m18:32:53.004128 [debug] [MainThread]: Command `dbt test` failed at 18:32:53.004063 after 0.79 seconds
[0m18:32:53.004387 [debug] [MainThread]: Sending event: {'category': 'dbt', 'action': 'invocation', 'label': 'end', 'context': [<snowplow_tracker.self_describing_json.SelfDescribingJson object at 0x105e19a90>, <snowplow_tracker.self_describing_json.SelfDescribingJson object at 0x1075bd850>, <snowplow_tracker.self_describing_json.SelfDescribingJson object at 0x1026f3950>]}
[0m18:32:53.004596 [debug] [MainThread]: Flushing usage events
[0m18:35:01.673170 [debug] [MainThread]: Sending event: {'category': 'dbt', 'action': 'invocation', 'label': 'start', 'context': [<snowplow_tracker.self_describing_json.SelfDescribingJson object at 0x105dbb410>, <snowplow_tracker.self_describing_json.SelfDescribingJson object at 0x1072514d0>, <snowplow_tracker.self_describing_json.SelfDescribingJson object at 0x107251d50>]}


============================== 18:35:01.676934 | 8a44a580-35fc-436e-9510-c864cc2b976b ==============================
[0m18:35:01.676934 [info ] [MainThread]: Running with dbt=1.8.2
[0m18:35:01.677273 [debug] [MainThread]: running dbt with arguments {'printer_width': '80', 'indirect_selection': 'eager', 'log_cache_events': 'False', 'write_json': 'True', 'partial_parse': 'True', 'cache_selected_only': 'False', 'profiles_dir': '/Users/ivan/downloads/de-ecommerce-warehouse/dbt', 'debug': 'False', 'fail_fast': 'False', 'log_path': 'dbt/logs', 'version_check': 'True', 'warn_error': 'None', 'use_colors': 'True', 'use_experimental_parser': 'False', 'no_print': 'None', 'quiet': 'False', 'log_format': 'default', 'invocation_command': 'dbt run --project-dir dbt --select stg_customers', 'introspect': 'True', 'static_parser': 'True', 'target_path': 'None', 'warn_error_options': 'WarnErrorOptions(include=[], exclude=[])', 'send_anonymous_usage_stats': 'True'}
[0m18:35:01.781877 [debug] [MainThread]: Sending event: {'category': 'dbt', 'action': 'project_id', 'label': '8a44a580-35fc-436e-9510-c864cc2b976b', 'context': [<snowplow_tracker.self_describing_json.SelfDescribingJson object at 0x10773aed0>]}
[0m18:35:01.805480 [debug] [MainThread]: Sending event: {'category': 'dbt', 'action': 'adapter_info', 'label': '8a44a580-35fc-436e-9510-c864cc2b976b', 'context': [<snowplow_tracker.self_describing_json.SelfDescribingJson object at 0x104444190>]}
[0m18:35:01.806428 [info ] [MainThread]: Registered adapter: postgres=1.8.2
[0m18:35:01.890648 [debug] [MainThread]: checksum: f0a141b9de567cb7f131613ba2682f40b3a1c6a157f81c6e5435862eff68f109, vars: {}, profile: , target: , version: 1.8.2
[0m18:35:01.891492 [info ] [MainThread]: Unable to do partial parsing because saved manifest not found. Starting full parse.
[0m18:35:01.891817 [debug] [MainThread]: Sending event: {'category': 'dbt', 'action': 'partial_parser', 'label': '8a44a580-35fc-436e-9510-c864cc2b976b', 'context': [<snowplow_tracker.self_describing_json.SelfDescribingJson object at 0x107283c10>]}
[0m18:35:03.242237 [warn ] [MainThread]: [[33mWARNING[0m]: Deprecated functionality
The `tests` config has been renamed to `data_tests`. Please see
https://docs.getdbt.com/docs/build/data-tests#new-data_tests-syntax for more
information.
[0m18:35:03.245979 [debug] [MainThread]: Sending event: {'category': 'dbt', 'action': 'deprecation', 'label': '8a44a580-35fc-436e-9510-c864cc2b976b', 'property_': 'warn', 'context': [<snowplow_tracker.self_describing_json.SelfDescribingJson object at 0x10814c390>]}
[0m18:35:03.481002 [error] [MainThread]: Encountered an error:
Compilation Error
  Snapshot 'snapshot.ecom_dbt.snap_customers' (snapshots/snap_customers.sql) depends on a source named 'staging_source.raw_customers_view' which was not found
[0m18:35:03.483648 [debug] [MainThread]: Resource report: {"command_name": "run", "command_wall_clock_time": 1.8566211, "process_user_time": 1.556231, "process_kernel_time": 0.329488, "process_mem_max_rss": "109985792", "command_success": false, "process_in_blocks": "0", "process_out_blocks": "0"}
[0m18:35:03.484035 [debug] [MainThread]: Command `dbt run` failed at 18:35:03.483974 after 1.86 seconds
[0m18:35:03.484263 [debug] [MainThread]: Sending event: {'category': 'dbt', 'action': 'invocation', 'label': 'end', 'context': [<snowplow_tracker.self_describing_json.SelfDescribingJson object at 0x10431dbd0>, <snowplow_tracker.self_describing_json.SelfDescribingJson object at 0x1081dced0>, <snowplow_tracker.self_describing_json.SelfDescribingJson object at 0x1024939d0>]}
[0m18:35:03.484522 [debug] [MainThread]: Flushing usage events
[0m18:35:06.072328 [debug] [MainThread]: Sending event: {'category': 'dbt', 'action': 'invocation', 'label': 'start', 'context': [<snowplow_tracker.self_describing_json.SelfDescribingJson object at 0x1072ffcd0>, <snowplow_tracker.self_describing_json.SelfDescribingJson object at 0x107375410>, <snowplow_tracker.self_describing_json.SelfDescribingJson object at 0x107375c50>]}


============================== 18:35:06.075600 | b921e077-c8a1-408d-a1b2-0031e6e7f459 ==============================
[0m18:35:06.075600 [info ] [MainThread]: Running with dbt=1.8.2
[0m18:35:06.075997 [debug] [MainThread]: running dbt with arguments {'printer_width': '80', 'indirect_selection': 'eager', 'log_cache_events': 'False', 'write_json': 'True', 'partial_parse': 'True', 'cache_selected_only': 'False', 'profiles_dir': '/Users/ivan/downloads/de-ecommerce-warehouse/dbt', 'fail_fast': 'False', 'version_check': 'True', 'log_path': 'dbt/logs', 'debug': 'False', 'warn_error': 'None', 'use_colors': 'True', 'use_experimental_parser': 'False', 'no_print': 'None', 'quiet': 'False', 'warn_error_options': 'WarnErrorOptions(include=[], exclude=[])', 'invocation_command': 'dbt snapshot --project-dir dbt', 'static_parser': 'True', 'introspect': 'True', 'target_path': 'None', 'log_format': 'default', 'send_anonymous_usage_stats': 'True'}
[0m18:35:06.174937 [debug] [MainThread]: Sending event: {'category': 'dbt', 'action': 'project_id', 'label': 'b921e077-c8a1-408d-a1b2-0031e6e7f459', 'context': [<snowplow_tracker.self_describing_json.SelfDescribingJson object at 0x1073348d0>]}
[0m18:35:06.212114 [debug] [MainThread]: Sending event: {'category': 'dbt', 'action': 'adapter_info', 'label': 'b921e077-c8a1-408d-a1b2-0031e6e7f459', 'context': [<snowplow_tracker.self_describing_json.SelfDescribingJson object at 0x104d4b990>]}
[0m18:35:06.212966 [info ] [MainThread]: Registered adapter: postgres=1.8.2
[0m18:35:06.290217 [debug] [MainThread]: checksum: f0a141b9de567cb7f131613ba2682f40b3a1c6a157f81c6e5435862eff68f109, vars: {}, profile: , target: , version: 1.8.2
[0m18:35:06.291477 [info ] [MainThread]: Unable to do partial parsing because saved manifest not found. Starting full parse.
[0m18:35:06.291771 [debug] [MainThread]: Sending event: {'category': 'dbt', 'action': 'partial_parser', 'label': 'b921e077-c8a1-408d-a1b2-0031e6e7f459', 'context': [<snowplow_tracker.self_describing_json.SelfDescribingJson object at 0x10733ecd0>]}
[0m18:35:06.818028 [warn ] [MainThread]: [[33mWARNING[0m]: Deprecated functionality
The `tests` config has been renamed to `data_tests`. Please see
https://docs.getdbt.com/docs/build/data-tests#new-data_tests-syntax for more
information.
[0m18:35:06.818332 [debug] [MainThread]: Sending event: {'category': 'dbt', 'action': 'deprecation', 'label': 'b921e077-c8a1-408d-a1b2-0031e6e7f459', 'property_': 'warn', 'context': [<snowplow_tracker.self_describing_json.SelfDescribingJson object at 0x10891a610>]}
[0m18:35:06.919921 [error] [MainThread]: Encountered an error:
Compilation Error
  Snapshot 'snapshot.ecom_dbt.snap_customers' (snapshots/snap_customers.sql) depends on a source named 'staging_source.raw_customers_view' which was not found
[0m18:35:06.921673 [debug] [MainThread]: Resource report: {"command_name": "snapshot", "command_wall_clock_time": 0.88834125, "process_user_time": 1.406019, "process_kernel_time": 0.185928, "process_mem_max_rss": "113999872", "command_success": false, "process_in_blocks": "0", "process_out_blocks": "0"}
[0m18:35:06.921930 [debug] [MainThread]: Command `dbt snapshot` failed at 18:35:06.921884 after 0.89 seconds
[0m18:35:06.922134 [debug] [MainThread]: Sending event: {'category': 'dbt', 'action': 'invocation', 'label': 'end', 'context': [<snowplow_tracker.self_describing_json.SelfDescribingJson object at 0x102cbfa10>, <snowplow_tracker.self_describing_json.SelfDescribingJson object at 0x102cbf950>, <snowplow_tracker.self_describing_json.SelfDescribingJson object at 0x108d128d0>]}
[0m18:35:06.922315 [debug] [MainThread]: Flushing usage events
[0m18:35:09.133734 [debug] [MainThread]: Sending event: {'category': 'dbt', 'action': 'invocation', 'label': 'start', 'context': [<snowplow_tracker.self_describing_json.SelfDescribingJson object at 0x106927790>, <snowplow_tracker.self_describing_json.SelfDescribingJson object at 0x10695d410>, <snowplow_tracker.self_describing_json.SelfDescribingJson object at 0x106979c50>]}


============================== 18:35:09.136956 | 957f1031-06dd-4528-876a-48d63fbd5468 ==============================
[0m18:35:09.136956 [info ] [MainThread]: Running with dbt=1.8.2
[0m18:35:09.137285 [debug] [MainThread]: running dbt with arguments {'printer_width': '80', 'indirect_selection': 'eager', 'write_json': 'True', 'log_cache_events': 'False', 'partial_parse': 'True', 'cache_selected_only': 'False', 'profiles_dir': '/Users/ivan/downloads/de-ecommerce-warehouse/dbt', 'version_check': 'True', 'debug': 'False', 'log_path': 'dbt/logs', 'fail_fast': 'False', 'warn_error': 'None', 'use_colors': 'True', 'use_experimental_parser': 'False', 'no_print': 'None', 'quiet': 'False', 'warn_error_options': 'WarnErrorOptions(include=[], exclude=[])', 'invocation_command': 'dbt run --project-dir dbt --select dim_customer fct_order_items fct_daily_sales', 'introspect': 'True', 'static_parser': 'True', 'target_path': 'None', 'log_format': 'default', 'send_anonymous_usage_stats': 'True'}
[0m18:35:09.209389 [debug] [MainThread]: Sending event: {'category': 'dbt', 'action': 'project_id', 'label': '957f1031-06dd-4528-876a-48d63fbd5468', 'context': [<snowplow_tracker.self_describing_json.SelfDescribingJson object at 0x1069a6890>]}
[0m18:35:09.233101 [debug] [MainThread]: Sending event: {'category': 'dbt', 'action': 'adapter_info', 'label': '957f1031-06dd-4528-876a-48d63fbd5468', 'context': [<snowplow_tracker.self_describing_json.SelfDescribingJson object at 0x10482b9d0>]}
[0m18:35:09.233805 [info ] [MainThread]: Registered adapter: postgres=1.8.2
[0m18:35:09.292120 [debug] [MainThread]: checksum: f0a141b9de567cb7f131613ba2682f40b3a1c6a157f81c6e5435862eff68f109, vars: {}, profile: , target: , version: 1.8.2
[0m18:35:09.292805 [info ] [MainThread]: Unable to do partial parsing because saved manifest not found. Starting full parse.
[0m18:35:09.293139 [debug] [MainThread]: Sending event: {'category': 'dbt', 'action': 'partial_parser', 'label': '957f1031-06dd-4528-876a-48d63fbd5468', 'context': [<snowplow_tracker.self_describing_json.SelfDescribingJson object at 0x106966cd0>]}
[0m18:35:09.781557 [warn ] [MainThread]: [[33mWARNING[0m]: Deprecated functionality
The `tests` config has been renamed to `data_tests`. Please see
https://docs.getdbt.com/docs/build/data-tests#new-data_tests-syntax for more
information.
[0m18:35:09.781956 [debug] [MainThread]: Sending event: {'category': 'dbt', 'action': 'deprecation', 'label': '957f1031-06dd-4528-876a-48d63fbd5468', 'property_': 'warn', 'context': [<snowplow_tracker.self_describing_json.SelfDescribingJson object at 0x1074c7290>]}
[0m18:35:09.891337 [error] [MainThread]: Encountered an error:
Compilation Error
  Snapshot 'snapshot.ecom_dbt.snap_customers' (snapshots/snap_customers.sql) depends on a source named 'staging_source.raw_customers_view' which was not found
[0m18:35:09.894145 [debug] [MainThread]: Resource report: {"command_name": "run", "command_wall_clock_time": 0.796467, "process_user_time": 1.313133, "process_kernel_time": 0.145026, "process_mem_max_rss": "120406016", "command_success": false, "process_in_blocks": "0", "process_out_blocks": "0"}
[0m18:35:09.894491 [debug] [MainThread]: Command `dbt run` failed at 18:35:09.894444 after 0.80 seconds
[0m18:35:09.894692 [debug] [MainThread]: Sending event: {'category': 'dbt', 'action': 'invocation', 'label': 'end', 'context': [<snowplow_tracker.self_describing_json.SelfDescribingJson object at 0x10277fbd0>, <snowplow_tracker.self_describing_json.SelfDescribingJson object at 0x107707390>, <snowplow_tracker.self_describing_json.SelfDescribingJson object at 0x1076ec6d0>]}
[0m18:35:09.894887 [debug] [MainThread]: Flushing usage events
[0m18:35:11.803498 [debug] [MainThread]: Sending event: {'category': 'dbt', 'action': 'invocation', 'label': 'start', 'context': [<snowplow_tracker.self_describing_json.SelfDescribingJson object at 0x10a5ffe10>, <snowplow_tracker.self_describing_json.SelfDescribingJson object at 0x10a631410>, <snowplow_tracker.self_describing_json.SelfDescribingJson object at 0x10a63a790>]}


============================== 18:35:11.806781 | b3e59f00-72d5-4b1d-970e-8b7f5639f41a ==============================
[0m18:35:11.806781 [info ] [MainThread]: Running with dbt=1.8.2
[0m18:35:11.807271 [debug] [MainThread]: running dbt with arguments {'printer_width': '80', 'indirect_selection': 'eager', 'write_json': 'True', 'log_cache_events': 'False', 'partial_parse': 'True', 'cache_selected_only': 'False', 'profiles_dir': '/Users/ivan/downloads/de-ecommerce-warehouse/dbt', 'version_check': 'True', 'debug': 'False', 'log_path': 'dbt/logs', 'fail_fast': 'False', 'warn_error': 'None', 'use_colors': 'True', 'use_experimental_parser': 'False', 'no_print': 'None', 'quiet': 'False', 'warn_error_options': 'WarnErrorOptions(include=[], exclude=[])', 'static_parser': 'True', 'log_format': 'default', 'introspect': 'True', 'target_path': 'None', 'invocation_command': 'dbt test --project-dir dbt', 'send_anonymous_usage_stats': 'True'}
[0m18:35:11.882288 [debug] [MainThread]: Sending event: {'category': 'dbt', 'action': 'project_id', 'label': 'b3e59f00-72d5-4b1d-970e-8b7f5639f41a', 'context': [<snowplow_tracker.self_describing_json.SelfDescribingJson object at 0x10a6eced0>]}
[0m18:35:11.904665 [debug] [MainThread]: Sending event: {'category': 'dbt', 'action': 'adapter_info', 'label': 'b3e59f00-72d5-4b1d-970e-8b7f5639f41a', 'context': [<snowplow_tracker.self_describing_json.SelfDescribingJson object at 0x1063afc50>]}
[0m18:35:11.905222 [info ] [MainThread]: Registered adapter: postgres=1.8.2
[0m18:35:11.965146 [debug] [MainThread]: checksum: f0a141b9de567cb7f131613ba2682f40b3a1c6a157f81c6e5435862eff68f109, vars: {}, profile: , target: , version: 1.8.2
[0m18:35:11.965984 [info ] [MainThread]: Unable to do partial parsing because saved manifest not found. Starting full parse.
[0m18:35:11.966313 [debug] [MainThread]: Sending event: {'category': 'dbt', 'action': 'partial_parser', 'label': 'b3e59f00-72d5-4b1d-970e-8b7f5639f41a', 'context': [<snowplow_tracker.self_describing_json.SelfDescribingJson object at 0x10a63acd0>]}
[0m18:35:12.490223 [warn ] [MainThread]: [[33mWARNING[0m]: Deprecated functionality
The `tests` config has been renamed to `data_tests`. Please see
https://docs.getdbt.com/docs/build/data-tests#new-data_tests-syntax for more
information.
[0m18:35:12.490524 [debug] [MainThread]: Sending event: {'category': 'dbt', 'action': 'deprecation', 'label': 'b3e59f00-72d5-4b1d-970e-8b7f5639f41a', 'property_': 'warn', 'context': [<snowplow_tracker.self_describing_json.SelfDescribingJson object at 0x10b45c610>]}
[0m18:35:12.586592 [error] [MainThread]: Encountered an error:
Compilation Error
  Snapshot 'snapshot.ecom_dbt.snap_customers' (snapshots/snap_customers.sql) depends on a source named 'staging_source.raw_customers_view' which was not found
[0m18:35:12.588603 [debug] [MainThread]: Resource report: {"command_name": "test", "command_wall_clock_time": 0.8242368, "process_user_time": 1.301243, "process_kernel_time": 0.139422, "process_mem_max_rss": "115916800", "command_success": false, "process_in_blocks": "0", "process_out_blocks": "0"}
[0m18:35:12.589123 [debug] [MainThread]: Command `dbt test` failed at 18:35:12.588937 after 0.82 seconds
[0m18:35:12.589429 [debug] [MainThread]: Sending event: {'category': 'dbt', 'action': 'invocation', 'label': 'end', 'context': [<snowplow_tracker.self_describing_json.SelfDescribingJson object at 0x10b5bde50>, <snowplow_tracker.self_describing_json.SelfDescribingJson object at 0x10b45b250>, <snowplow_tracker.self_describing_json.SelfDescribingJson object at 0x10b608790>]}
[0m18:35:12.589774 [debug] [MainThread]: Flushing usage events
[0m18:38:40.261143 [debug] [MainThread]: Sending event: {'category': 'dbt', 'action': 'invocation', 'label': 'start', 'context': [<snowplow_tracker.self_describing_json.SelfDescribingJson object at 0x113f06250>, <snowplow_tracker.self_describing_json.SelfDescribingJson object at 0x113f68a10>, <snowplow_tracker.self_describing_json.SelfDescribingJson object at 0x113f69250>]}


============================== 18:38:40.264895 | 8da30b78-1d0e-46a3-aa31-7c81a4f573f2 ==============================
[0m18:38:40.264895 [info ] [MainThread]: Running with dbt=1.8.2
[0m18:38:40.265286 [debug] [MainThread]: running dbt with arguments {'printer_width': '80', 'indirect_selection': 'eager', 'log_cache_events': 'False', 'write_json': 'True', 'partial_parse': 'True', 'cache_selected_only': 'False', 'profiles_dir': '/Users/ivan/downloads/de-ecommerce-warehouse/dbt', 'debug': 'False', 'fail_fast': 'False', 'log_path': 'dbt/logs', 'warn_error': 'None', 'version_check': 'True', 'use_colors': 'True', 'use_experimental_parser': 'False', 'no_print': 'None', 'quiet': 'False', 'warn_error_options': 'WarnErrorOptions(include=[], exclude=[])', 'static_parser': 'True', 'introspect': 'True', 'invocation_command': 'dbt clean --project-dir dbt', 'target_path': 'None', 'log_format': 'default', 'send_anonymous_usage_stats': 'True'}
[0m18:38:40.317859 [debug] [MainThread]: Sending event: {'category': 'dbt', 'action': 'project_id', 'label': '8da30b78-1d0e-46a3-aa31-7c81a4f573f2', 'context': [<snowplow_tracker.self_describing_json.SelfDescribingJson object at 0x113fd7e10>]}
[0m18:38:40.327689 [error] [MainThread]: Encountered an error:
Runtime Error
  dbt will not clean the following directories outside the project: ['/Users/ivan/Downloads/de-ecommerce-warehouse/dbt/target']
[0m18:38:40.329689 [debug] [MainThread]: Resource report: {"command_name": "clean", "command_wall_clock_time": 0.11304138, "process_user_time": 0.74451, "process_kernel_time": 0.19689, "process_mem_max_rss": "104251392", "command_success": false, "process_in_blocks": "0", "process_out_blocks": "0"}
[0m18:38:40.330099 [debug] [MainThread]: Command `dbt clean` failed at 18:38:40.330033 after 0.11 seconds
[0m18:38:40.330353 [debug] [MainThread]: Sending event: {'category': 'dbt', 'action': 'invocation', 'label': 'end', 'context': [<snowplow_tracker.self_describing_json.SelfDescribingJson object at 0x113f3b150>, <snowplow_tracker.self_describing_json.SelfDescribingJson object at 0x113f05790>, <snowplow_tracker.self_describing_json.SelfDescribingJson object at 0x113f7e390>]}
[0m18:38:40.330568 [debug] [MainThread]: Flushing usage events
[0m18:38:43.341167 [debug] [MainThread]: Sending event: {'category': 'dbt', 'action': 'invocation', 'label': 'start', 'context': [<snowplow_tracker.self_describing_json.SelfDescribingJson object at 0x109319350>, <snowplow_tracker.self_describing_json.SelfDescribingJson object at 0x109319410>, <snowplow_tracker.self_describing_json.SelfDescribingJson object at 0x10932a7d0>]}


============================== 18:38:43.344579 | 389e704b-9a67-45d6-a637-50d0f81d27cc ==============================
[0m18:38:43.344579 [info ] [MainThread]: Running with dbt=1.8.2
[0m18:38:43.344948 [debug] [MainThread]: running dbt with arguments {'printer_width': '80', 'indirect_selection': 'eager', 'log_cache_events': 'False', 'write_json': 'True', 'partial_parse': 'True', 'cache_selected_only': 'False', 'profiles_dir': '/Users/ivan/downloads/de-ecommerce-warehouse/dbt', 'debug': 'False', 'version_check': 'True', 'log_path': 'dbt/logs', 'warn_error': 'None', 'fail_fast': 'False', 'use_colors': 'True', 'use_experimental_parser': 'False', 'no_print': 'None', 'quiet': 'False', 'log_format': 'default', 'invocation_command': 'dbt run --project-dir dbt --select stg_customers stg_orders stg_order_items stg_products', 'static_parser': 'True', 'introspect': 'True', 'target_path': 'None', 'warn_error_options': 'WarnErrorOptions(include=[], exclude=[])', 'send_anonymous_usage_stats': 'True'}
[0m18:38:43.421497 [debug] [MainThread]: Sending event: {'category': 'dbt', 'action': 'project_id', 'label': '389e704b-9a67-45d6-a637-50d0f81d27cc', 'context': [<snowplow_tracker.self_describing_json.SelfDescribingJson object at 0x109318cd0>]}
[0m18:38:43.443379 [debug] [MainThread]: Sending event: {'category': 'dbt', 'action': 'adapter_info', 'label': '389e704b-9a67-45d6-a637-50d0f81d27cc', 'context': [<snowplow_tracker.self_describing_json.SelfDescribingJson object at 0x1071e7350>]}
[0m18:38:43.444381 [info ] [MainThread]: Registered adapter: postgres=1.8.2
[0m18:38:43.503923 [debug] [MainThread]: checksum: f0a141b9de567cb7f131613ba2682f40b3a1c6a157f81c6e5435862eff68f109, vars: {}, profile: , target: , version: 1.8.2
[0m18:38:43.504763 [info ] [MainThread]: Unable to do partial parsing because saved manifest not found. Starting full parse.
[0m18:38:43.505018 [debug] [MainThread]: Sending event: {'category': 'dbt', 'action': 'partial_parser', 'label': '389e704b-9a67-45d6-a637-50d0f81d27cc', 'context': [<snowplow_tracker.self_describing_json.SelfDescribingJson object at 0x109d960d0>]}
[0m18:38:44.009657 [warn ] [MainThread]: [[33mWARNING[0m]: Deprecated functionality
The `tests` config has been renamed to `data_tests`. Please see
https://docs.getdbt.com/docs/build/data-tests#new-data_tests-syntax for more
information.
[0m18:38:44.009952 [debug] [MainThread]: Sending event: {'category': 'dbt', 'action': 'deprecation', 'label': '389e704b-9a67-45d6-a637-50d0f81d27cc', 'property_': 'warn', 'context': [<snowplow_tracker.self_describing_json.SelfDescribingJson object at 0x109e93d90>]}
[0m18:38:44.106902 [error] [MainThread]: Encountered an error:
Compilation Error
  Snapshot 'snapshot.ecom_dbt.snap_customers' (snapshots/snap_customers.sql) depends on a source named 'staging_source.raw_customers_view' which was not found
[0m18:38:44.108576 [debug] [MainThread]: Resource report: {"command_name": "run", "command_wall_clock_time": 0.8054816, "process_user_time": 1.314457, "process_kernel_time": 0.146872, "process_mem_max_rss": "122339328", "command_success": false, "process_in_blocks": "0", "process_out_blocks": "0"}
[0m18:38:44.108799 [debug] [MainThread]: Command `dbt run` failed at 18:38:44.108756 after 0.81 seconds
[0m18:38:44.108984 [debug] [MainThread]: Sending event: {'category': 'dbt', 'action': 'invocation', 'label': 'end', 'context': [<snowplow_tracker.self_describing_json.SelfDescribingJson object at 0x10821abd0>, <snowplow_tracker.self_describing_json.SelfDescribingJson object at 0x105092d50>, <snowplow_tracker.self_describing_json.SelfDescribingJson object at 0x10a099b90>]}
[0m18:38:44.109147 [debug] [MainThread]: Flushing usage events
[0m18:38:46.080499 [debug] [MainThread]: Sending event: {'category': 'dbt', 'action': 'invocation', 'label': 'start', 'context': [<snowplow_tracker.self_describing_json.SelfDescribingJson object at 0x104797950>, <snowplow_tracker.self_describing_json.SelfDescribingJson object at 0x104809010>, <snowplow_tracker.self_describing_json.SelfDescribingJson object at 0x1048097d0>]}


============================== 18:38:46.083943 | ba722061-9383-426a-b554-1c112c3cd844 ==============================
[0m18:38:46.083943 [info ] [MainThread]: Running with dbt=1.8.2
[0m18:38:46.084401 [debug] [MainThread]: running dbt with arguments {'printer_width': '80', 'indirect_selection': 'eager', 'write_json': 'True', 'log_cache_events': 'False', 'partial_parse': 'True', 'cache_selected_only': 'False', 'profiles_dir': '/Users/ivan/downloads/de-ecommerce-warehouse/dbt', 'debug': 'False', 'version_check': 'True', 'log_path': 'dbt/logs', 'warn_error': 'None', 'fail_fast': 'False', 'use_colors': 'True', 'use_experimental_parser': 'False', 'no_print': 'None', 'quiet': 'False', 'warn_error_options': 'WarnErrorOptions(include=[], exclude=[])', 'introspect': 'True', 'static_parser': 'True', 'invocation_command': 'dbt snapshot --project-dir dbt', 'target_path': 'None', 'log_format': 'default', 'send_anonymous_usage_stats': 'True'}
[0m18:38:46.157559 [debug] [MainThread]: Sending event: {'category': 'dbt', 'action': 'project_id', 'label': 'ba722061-9383-426a-b554-1c112c3cd844', 'context': [<snowplow_tracker.self_describing_json.SelfDescribingJson object at 0x1047e41d0>]}
[0m18:38:46.182505 [debug] [MainThread]: Sending event: {'category': 'dbt', 'action': 'adapter_info', 'label': 'ba722061-9383-426a-b554-1c112c3cd844', 'context': [<snowplow_tracker.self_describing_json.SelfDescribingJson object at 0x1035ca490>]}
[0m18:38:46.183051 [info ] [MainThread]: Registered adapter: postgres=1.8.2
[0m18:38:46.240965 [debug] [MainThread]: checksum: f0a141b9de567cb7f131613ba2682f40b3a1c6a157f81c6e5435862eff68f109, vars: {}, profile: , target: , version: 1.8.2
[0m18:38:46.241647 [info ] [MainThread]: Unable to do partial parsing because saved manifest not found. Starting full parse.
[0m18:38:46.241927 [debug] [MainThread]: Sending event: {'category': 'dbt', 'action': 'partial_parser', 'label': 'ba722061-9383-426a-b554-1c112c3cd844', 'context': [<snowplow_tracker.self_describing_json.SelfDescribingJson object at 0x1047d1010>]}
[0m18:38:46.737137 [warn ] [MainThread]: [[33mWARNING[0m]: Deprecated functionality
The `tests` config has been renamed to `data_tests`. Please see
https://docs.getdbt.com/docs/build/data-tests#new-data_tests-syntax for more
information.
[0m18:38:46.737448 [debug] [MainThread]: Sending event: {'category': 'dbt', 'action': 'deprecation', 'label': 'ba722061-9383-426a-b554-1c112c3cd844', 'property_': 'warn', 'context': [<snowplow_tracker.self_describing_json.SelfDescribingJson object at 0x105326d90>]}
[0m18:38:46.841520 [error] [MainThread]: Encountered an error:
Compilation Error
  Snapshot 'snapshot.ecom_dbt.snap_customers' (snapshots/snap_customers.sql) depends on a source named 'staging_source.raw_customers_view' which was not found
[0m18:38:46.843785 [debug] [MainThread]: Resource report: {"command_name": "snapshot", "command_wall_clock_time": 0.7992144, "process_user_time": 1.32526, "process_kernel_time": 0.152138, "process_mem_max_rss": "121618432", "command_success": false, "process_in_blocks": "0", "process_out_blocks": "0"}
[0m18:38:46.844251 [debug] [MainThread]: Command `dbt snapshot` failed at 18:38:46.844135 after 0.80 seconds
[0m18:38:46.844484 [debug] [MainThread]: Sending event: {'category': 'dbt', 'action': 'invocation', 'label': 'end', 'context': [<snowplow_tracker.self_describing_json.SelfDescribingJson object at 0x10060b950>, <snowplow_tracker.self_describing_json.SelfDescribingJson object at 0x105493250>, <snowplow_tracker.self_describing_json.SelfDescribingJson object at 0x1044b6410>]}
[0m18:38:46.844680 [debug] [MainThread]: Flushing usage events
[0m18:38:48.966954 [debug] [MainThread]: Sending event: {'category': 'dbt', 'action': 'invocation', 'label': 'start', 'context': [<snowplow_tracker.self_describing_json.SelfDescribingJson object at 0x104efea90>, <snowplow_tracker.self_describing_json.SelfDescribingJson object at 0x104b0b210>, <snowplow_tracker.self_describing_json.SelfDescribingJson object at 0x104f31410>]}


============================== 18:38:48.969558 | 9d9f3ec2-fb82-4ba1-8f88-011b1e544ad7 ==============================
[0m18:38:48.969558 [info ] [MainThread]: Running with dbt=1.8.2
[0m18:38:48.969876 [debug] [MainThread]: running dbt with arguments {'printer_width': '80', 'indirect_selection': 'eager', 'write_json': 'True', 'log_cache_events': 'False', 'partial_parse': 'True', 'cache_selected_only': 'False', 'profiles_dir': '/Users/ivan/downloads/de-ecommerce-warehouse/dbt', 'version_check': 'True', 'debug': 'False', 'log_path': 'dbt/logs', 'warn_error': 'None', 'fail_fast': 'False', 'use_colors': 'True', 'use_experimental_parser': 'False', 'no_print': 'None', 'quiet': 'False', 'log_format': 'default', 'introspect': 'True', 'static_parser': 'True', 'warn_error_options': 'WarnErrorOptions(include=[], exclude=[])', 'target_path': 'None', 'invocation_command': 'dbt run --project-dir dbt --select marts', 'send_anonymous_usage_stats': 'True'}
[0m18:38:49.045424 [debug] [MainThread]: Sending event: {'category': 'dbt', 'action': 'project_id', 'label': '9d9f3ec2-fb82-4ba1-8f88-011b1e544ad7', 'context': [<snowplow_tracker.self_describing_json.SelfDescribingJson object at 0x104f5ccd0>]}
[0m18:38:49.070743 [debug] [MainThread]: Sending event: {'category': 'dbt', 'action': 'adapter_info', 'label': '9d9f3ec2-fb82-4ba1-8f88-011b1e544ad7', 'context': [<snowplow_tracker.self_describing_json.SelfDescribingJson object at 0x102bdca10>]}
[0m18:38:49.071293 [info ] [MainThread]: Registered adapter: postgres=1.8.2
[0m18:38:49.129076 [debug] [MainThread]: checksum: f0a141b9de567cb7f131613ba2682f40b3a1c6a157f81c6e5435862eff68f109, vars: {}, profile: , target: , version: 1.8.2
[0m18:38:49.129567 [info ] [MainThread]: Unable to do partial parsing because saved manifest not found. Starting full parse.
[0m18:38:49.129755 [debug] [MainThread]: Sending event: {'category': 'dbt', 'action': 'partial_parser', 'label': '9d9f3ec2-fb82-4ba1-8f88-011b1e544ad7', 'context': [<snowplow_tracker.self_describing_json.SelfDescribingJson object at 0x104f48e10>]}
[0m18:38:49.616225 [warn ] [MainThread]: [[33mWARNING[0m]: Deprecated functionality
The `tests` config has been renamed to `data_tests`. Please see
https://docs.getdbt.com/docs/build/data-tests#new-data_tests-syntax for more
information.
[0m18:38:49.616515 [debug] [MainThread]: Sending event: {'category': 'dbt', 'action': 'deprecation', 'label': '9d9f3ec2-fb82-4ba1-8f88-011b1e544ad7', 'property_': 'warn', 'context': [<snowplow_tracker.self_describing_json.SelfDescribingJson object at 0x104f48790>]}
[0m18:38:49.718786 [error] [MainThread]: Encountered an error:
Compilation Error
  Snapshot 'snapshot.ecom_dbt.snap_customers' (snapshots/snap_customers.sql) depends on a source named 'staging_source.raw_customers_view' which was not found
[0m18:38:49.720718 [debug] [MainThread]: Resource report: {"command_name": "run", "command_wall_clock_time": 0.7894544, "process_user_time": 1.319777, "process_kernel_time": 0.138397, "process_mem_max_rss": "117407744", "command_success": false, "process_in_blocks": "0", "process_out_blocks": "0"}
[0m18:38:49.721252 [debug] [MainThread]: Command `dbt run` failed at 18:38:49.721000 after 0.79 seconds
[0m18:38:49.721472 [debug] [MainThread]: Sending event: {'category': 'dbt', 'action': 'invocation', 'label': 'end', 'context': [<snowplow_tracker.self_describing_json.SelfDescribingJson object at 0x106770d50>, <snowplow_tracker.self_describing_json.SelfDescribingJson object at 0x106622790>, <snowplow_tracker.self_describing_json.SelfDescribingJson object at 0x106621f50>]}
[0m18:38:49.721660 [debug] [MainThread]: Flushing usage events
[0m18:38:51.930117 [debug] [MainThread]: Sending event: {'category': 'dbt', 'action': 'invocation', 'label': 'start', 'context': [<snowplow_tracker.self_describing_json.SelfDescribingJson object at 0x1112fe1d0>, <snowplow_tracker.self_describing_json.SelfDescribingJson object at 0x111331410>, <snowplow_tracker.self_describing_json.SelfDescribingJson object at 0x111369890>]}


============================== 18:38:51.932840 | 2c965bdf-751c-43bc-8d20-603e52b2ac81 ==============================
[0m18:38:51.932840 [info ] [MainThread]: Running with dbt=1.8.2
[0m18:38:51.933151 [debug] [MainThread]: running dbt with arguments {'printer_width': '80', 'indirect_selection': 'eager', 'write_json': 'True', 'log_cache_events': 'False', 'partial_parse': 'True', 'cache_selected_only': 'False', 'profiles_dir': '/Users/ivan/downloads/de-ecommerce-warehouse/dbt', 'fail_fast': 'False', 'version_check': 'True', 'log_path': 'dbt/logs', 'warn_error': 'None', 'debug': 'False', 'use_colors': 'True', 'use_experimental_parser': 'False', 'no_print': 'None', 'quiet': 'False', 'warn_error_options': 'WarnErrorOptions(include=[], exclude=[])', 'static_parser': 'True', 'invocation_command': 'dbt test --project-dir dbt', 'introspect': 'True', 'target_path': 'None', 'log_format': 'default', 'send_anonymous_usage_stats': 'True'}
[0m18:38:52.013735 [debug] [MainThread]: Sending event: {'category': 'dbt', 'action': 'project_id', 'label': '2c965bdf-751c-43bc-8d20-603e52b2ac81', 'context': [<snowplow_tracker.self_describing_json.SelfDescribingJson object at 0x1116fae90>]}
[0m18:38:52.038310 [debug] [MainThread]: Sending event: {'category': 'dbt', 'action': 'adapter_info', 'label': '2c965bdf-751c-43bc-8d20-603e52b2ac81', 'context': [<snowplow_tracker.self_describing_json.SelfDescribingJson object at 0x104eafd90>]}
[0m18:38:52.039093 [info ] [MainThread]: Registered adapter: postgres=1.8.2
[0m18:38:52.107239 [debug] [MainThread]: checksum: f0a141b9de567cb7f131613ba2682f40b3a1c6a157f81c6e5435862eff68f109, vars: {}, profile: , target: , version: 1.8.2
[0m18:38:52.107811 [info ] [MainThread]: Unable to do partial parsing because saved manifest not found. Starting full parse.
[0m18:38:52.108020 [debug] [MainThread]: Sending event: {'category': 'dbt', 'action': 'partial_parser', 'label': '2c965bdf-751c-43bc-8d20-603e52b2ac81', 'context': [<snowplow_tracker.self_describing_json.SelfDescribingJson object at 0x1113a0a90>]}
[0m18:38:52.643514 [warn ] [MainThread]: [[33mWARNING[0m]: Deprecated functionality
The `tests` config has been renamed to `data_tests`. Please see
https://docs.getdbt.com/docs/build/data-tests#new-data_tests-syntax for more
information.
[0m18:38:52.643915 [debug] [MainThread]: Sending event: {'category': 'dbt', 'action': 'deprecation', 'label': '2c965bdf-751c-43bc-8d20-603e52b2ac81', 'property_': 'warn', 'context': [<snowplow_tracker.self_describing_json.SelfDescribingJson object at 0x1116d17d0>]}
[0m18:38:52.745171 [error] [MainThread]: Encountered an error:
Compilation Error
  Snapshot 'snapshot.ecom_dbt.snap_customers' (snapshots/snap_customers.sql) depends on a source named 'staging_source.raw_customers_view' which was not found
[0m18:38:52.747897 [debug] [MainThread]: Resource report: {"command_name": "test", "command_wall_clock_time": 0.85687506, "process_user_time": 1.412838, "process_kernel_time": 0.178115, "process_mem_max_rss": "114966528", "command_success": false, "process_in_blocks": "0", "process_out_blocks": "0"}
[0m18:38:52.748170 [debug] [MainThread]: Command `dbt test` failed at 18:38:52.748115 after 0.86 seconds
[0m18:38:52.748389 [debug] [MainThread]: Sending event: {'category': 'dbt', 'action': 'invocation', 'label': 'end', 'context': [<snowplow_tracker.self_describing_json.SelfDescribingJson object at 0x102ad6990>, <snowplow_tracker.self_describing_json.SelfDescribingJson object at 0x102ad6ad0>, <snowplow_tracker.self_describing_json.SelfDescribingJson object at 0x1112fbe50>]}
[0m18:38:52.748605 [debug] [MainThread]: Flushing usage events
[0m18:41:13.173082 [debug] [MainThread]: Sending event: {'category': 'dbt', 'action': 'invocation', 'label': 'start', 'context': [<snowplow_tracker.self_describing_json.SelfDescribingJson object at 0x105135810>, <snowplow_tracker.self_describing_json.SelfDescribingJson object at 0x105175250>, <snowplow_tracker.self_describing_json.SelfDescribingJson object at 0x105175a50>]}


============================== 18:41:13.177364 | 301e7df4-2ba6-4144-9a2c-994b6c6bada0 ==============================
[0m18:41:13.177364 [info ] [MainThread]: Running with dbt=1.8.2
[0m18:41:13.177919 [debug] [MainThread]: running dbt with arguments {'printer_width': '80', 'indirect_selection': 'eager', 'log_cache_events': 'False', 'write_json': 'True', 'partial_parse': 'True', 'cache_selected_only': 'False', 'profiles_dir': '/Users/ivan/downloads/de-ecommerce-warehouse/dbt', 'version_check': 'True', 'warn_error': 'None', 'log_path': 'dbt/logs', 'debug': 'False', 'fail_fast': 'False', 'use_colors': 'True', 'use_experimental_parser': 'False', 'no_print': 'None', 'quiet': 'False', 'warn_error_options': 'WarnErrorOptions(include=[], exclude=[])', 'introspect': 'True', 'static_parser': 'True', 'invocation_command': 'dbt run --project-dir dbt --select stg_customers stg_orders stg_order_items stg_products', 'target_path': 'None', 'log_format': 'default', 'send_anonymous_usage_stats': 'True'}
[0m18:41:13.310765 [debug] [MainThread]: Sending event: {'category': 'dbt', 'action': 'project_id', 'label': '301e7df4-2ba6-4144-9a2c-994b6c6bada0', 'context': [<snowplow_tracker.self_describing_json.SelfDescribingJson object at 0x104ebc210>]}
[0m18:41:13.338512 [debug] [MainThread]: Sending event: {'category': 'dbt', 'action': 'adapter_info', 'label': '301e7df4-2ba6-4144-9a2c-994b6c6bada0', 'context': [<snowplow_tracker.self_describing_json.SelfDescribingJson object at 0x1027f4090>]}
[0m18:41:13.339402 [info ] [MainThread]: Registered adapter: postgres=1.8.2
[0m18:41:13.405252 [debug] [MainThread]: checksum: f0a141b9de567cb7f131613ba2682f40b3a1c6a157f81c6e5435862eff68f109, vars: {}, profile: , target: , version: 1.8.2
[0m18:41:13.405797 [info ] [MainThread]: Unable to do partial parsing because saved manifest not found. Starting full parse.
[0m18:41:13.406002 [debug] [MainThread]: Sending event: {'category': 'dbt', 'action': 'partial_parser', 'label': '301e7df4-2ba6-4144-9a2c-994b6c6bada0', 'context': [<snowplow_tracker.self_describing_json.SelfDescribingJson object at 0x104ae1790>]}
[0m18:41:13.903889 [warn ] [MainThread]: [[33mWARNING[0m]: Deprecated functionality
The `tests` config has been renamed to `data_tests`. Please see
https://docs.getdbt.com/docs/build/data-tests#new-data_tests-syntax for more
information.
[0m18:41:13.904201 [debug] [MainThread]: Sending event: {'category': 'dbt', 'action': 'deprecation', 'label': '301e7df4-2ba6-4144-9a2c-994b6c6bada0', 'property_': 'warn', 'context': [<snowplow_tracker.self_describing_json.SelfDescribingJson object at 0x10632c150>]}
[0m18:41:14.048576 [debug] [MainThread]: Sending event: {'category': 'dbt', 'action': 'load_project', 'label': '301e7df4-2ba6-4144-9a2c-994b6c6bada0', 'context': [<snowplow_tracker.self_describing_json.SelfDescribingJson object at 0x105eadc10>]}
[0m18:41:14.120461 [debug] [MainThread]: Sending event: {'category': 'dbt', 'action': 'resource_counts', 'label': '301e7df4-2ba6-4144-9a2c-994b6c6bada0', 'context': [<snowplow_tracker.self_describing_json.SelfDescribingJson object at 0x104ebd4d0>]}
[0m18:41:14.120823 [info ] [MainThread]: Found 8 models, 1 snapshot, 11 data tests, 428 macros
[0m18:41:14.121100 [debug] [MainThread]: Sending event: {'category': 'dbt', 'action': 'runnable_timing', 'label': '301e7df4-2ba6-4144-9a2c-994b6c6bada0', 'context': [<snowplow_tracker.self_describing_json.SelfDescribingJson object at 0x103b63e50>]}
[0m18:41:14.122309 [info ] [MainThread]: 
[0m18:41:14.122608 [debug] [MainThread]: Acquiring new postgres connection 'master'
[0m18:41:14.124545 [debug] [ThreadPool]: Acquiring new postgres connection 'list_ecom_warehouse'
[0m18:41:14.157247 [debug] [ThreadPool]: Using postgres connection "list_ecom_warehouse"
[0m18:41:14.157486 [debug] [ThreadPool]: On list_ecom_warehouse: /* {"app": "dbt", "dbt_version": "1.8.2", "profile_name": "ecom_profile", "target_name": "dev", "connection_name": "list_ecom_warehouse"} */

    select distinct nspname from pg_namespace
  
[0m18:41:14.157621 [debug] [ThreadPool]: Opening a new connection, currently in state init
[0m18:41:14.198119 [debug] [ThreadPool]: SQL status: SELECT 8 in 0.040 seconds
[0m18:41:14.199142 [debug] [ThreadPool]: On list_ecom_warehouse: Close
[0m18:41:14.199789 [debug] [ThreadPool]: Re-using an available connection from the pool (formerly list_ecom_warehouse, now create_ecom_warehouse_staging_staging)
[0m18:41:14.200034 [debug] [ThreadPool]: Creating schema "database: "ecom_warehouse"
schema: "staging_staging"
"
[0m18:41:14.202777 [debug] [ThreadPool]: Using postgres connection "create_ecom_warehouse_staging_staging"
[0m18:41:14.202990 [debug] [ThreadPool]: On create_ecom_warehouse_staging_staging: BEGIN
[0m18:41:14.203133 [debug] [ThreadPool]: Opening a new connection, currently in state closed
[0m18:41:14.218153 [debug] [ThreadPool]: SQL status: BEGIN in 0.015 seconds
[0m18:41:14.218436 [debug] [ThreadPool]: Using postgres connection "create_ecom_warehouse_staging_staging"
[0m18:41:14.218576 [debug] [ThreadPool]: On create_ecom_warehouse_staging_staging: /* {"app": "dbt", "dbt_version": "1.8.2", "profile_name": "ecom_profile", "target_name": "dev", "connection_name": "create_ecom_warehouse_staging_staging"} */
create schema if not exists "staging_staging"
[0m18:41:14.221660 [debug] [ThreadPool]: SQL status: CREATE SCHEMA in 0.003 seconds
[0m18:41:14.222217 [debug] [ThreadPool]: On create_ecom_warehouse_staging_staging: COMMIT
[0m18:41:14.222369 [debug] [ThreadPool]: Using postgres connection "create_ecom_warehouse_staging_staging"
[0m18:41:14.222496 [debug] [ThreadPool]: On create_ecom_warehouse_staging_staging: COMMIT
[0m18:41:14.224351 [debug] [ThreadPool]: SQL status: COMMIT in 0.002 seconds
[0m18:41:14.224659 [debug] [ThreadPool]: On create_ecom_warehouse_staging_staging: Close
[0m18:41:14.226258 [debug] [ThreadPool]: Re-using an available connection from the pool (formerly create_ecom_warehouse_staging_staging, now list_ecom_warehouse_staging_marts)
[0m18:41:14.226591 [debug] [ThreadPool]: Acquiring new postgres connection 'list_ecom_warehouse_staging_staging'
[0m18:41:14.230175 [debug] [ThreadPool]: Using postgres connection "list_ecom_warehouse_staging_marts"
[0m18:41:14.230462 [debug] [ThreadPool]: Acquiring new postgres connection 'list_ecom_warehouse_snapshots'
[0m18:41:14.231618 [debug] [ThreadPool]: Using postgres connection "list_ecom_warehouse_staging_staging"
[0m18:41:14.231774 [debug] [ThreadPool]: On list_ecom_warehouse_staging_marts: BEGIN
[0m18:41:14.232697 [debug] [ThreadPool]: Using postgres connection "list_ecom_warehouse_snapshots"
[0m18:41:14.232832 [debug] [ThreadPool]: On list_ecom_warehouse_staging_staging: BEGIN
[0m18:41:14.232963 [debug] [ThreadPool]: Opening a new connection, currently in state closed
[0m18:41:14.233090 [debug] [ThreadPool]: On list_ecom_warehouse_snapshots: BEGIN
[0m18:41:14.233206 [debug] [ThreadPool]: Opening a new connection, currently in state init
[0m18:41:14.233550 [debug] [ThreadPool]: Opening a new connection, currently in state init
[0m18:41:14.255769 [debug] [ThreadPool]: SQL status: BEGIN in 0.022 seconds
[0m18:41:14.256191 [debug] [ThreadPool]: SQL status: BEGIN in 0.023 seconds
[0m18:41:14.256519 [debug] [ThreadPool]: Using postgres connection "list_ecom_warehouse_staging_staging"
[0m18:41:14.256696 [debug] [ThreadPool]: Using postgres connection "list_ecom_warehouse_snapshots"
[0m18:41:14.256890 [debug] [ThreadPool]: On list_ecom_warehouse_staging_staging: /* {"app": "dbt", "dbt_version": "1.8.2", "profile_name": "ecom_profile", "target_name": "dev", "connection_name": "list_ecom_warehouse_staging_staging"} */
select
      'ecom_warehouse' as database,
      tablename as name,
      schemaname as schema,
      'table' as type
    from pg_tables
    where schemaname ilike 'staging_staging'
    union all
    select
      'ecom_warehouse' as database,
      viewname as name,
      schemaname as schema,
      'view' as type
    from pg_views
    where schemaname ilike 'staging_staging'
    union all
    select
      'ecom_warehouse' as database,
      matviewname as name,
      schemaname as schema,
      'materialized_view' as type
    from pg_matviews
    where schemaname ilike 'staging_staging'
  
[0m18:41:14.257074 [debug] [ThreadPool]: On list_ecom_warehouse_snapshots: /* {"app": "dbt", "dbt_version": "1.8.2", "profile_name": "ecom_profile", "target_name": "dev", "connection_name": "list_ecom_warehouse_snapshots"} */
select
      'ecom_warehouse' as database,
      tablename as name,
      schemaname as schema,
      'table' as type
    from pg_tables
    where schemaname ilike 'snapshots'
    union all
    select
      'ecom_warehouse' as database,
      viewname as name,
      schemaname as schema,
      'view' as type
    from pg_views
    where schemaname ilike 'snapshots'
    union all
    select
      'ecom_warehouse' as database,
      matviewname as name,
      schemaname as schema,
      'materialized_view' as type
    from pg_matviews
    where schemaname ilike 'snapshots'
  
[0m18:41:14.258526 [debug] [ThreadPool]: SQL status: BEGIN in 0.026 seconds
[0m18:41:14.258668 [debug] [ThreadPool]: Using postgres connection "list_ecom_warehouse_staging_marts"
[0m18:41:14.258815 [debug] [ThreadPool]: On list_ecom_warehouse_staging_marts: /* {"app": "dbt", "dbt_version": "1.8.2", "profile_name": "ecom_profile", "target_name": "dev", "connection_name": "list_ecom_warehouse_staging_marts"} */
select
      'ecom_warehouse' as database,
      tablename as name,
      schemaname as schema,
      'table' as type
    from pg_tables
    where schemaname ilike 'staging_marts'
    union all
    select
      'ecom_warehouse' as database,
      viewname as name,
      schemaname as schema,
      'view' as type
    from pg_views
    where schemaname ilike 'staging_marts'
    union all
    select
      'ecom_warehouse' as database,
      matviewname as name,
      schemaname as schema,
      'materialized_view' as type
    from pg_matviews
    where schemaname ilike 'staging_marts'
  
[0m18:41:14.271592 [debug] [ThreadPool]: SQL status: SELECT 0 in 0.014 seconds
[0m18:41:14.271813 [debug] [ThreadPool]: SQL status: SELECT 0 in 0.015 seconds
[0m18:41:14.272704 [debug] [ThreadPool]: On list_ecom_warehouse_snapshots: ROLLBACK
[0m18:41:14.273364 [debug] [ThreadPool]: On list_ecom_warehouse_staging_staging: ROLLBACK
[0m18:41:14.274064 [debug] [ThreadPool]: SQL status: SELECT 0 in 0.015 seconds
[0m18:41:14.274974 [debug] [ThreadPool]: On list_ecom_warehouse_staging_marts: ROLLBACK
[0m18:41:14.275278 [debug] [ThreadPool]: On list_ecom_warehouse_staging_staging: Close
[0m18:41:14.275910 [debug] [ThreadPool]: On list_ecom_warehouse_snapshots: Close
[0m18:41:14.276312 [debug] [ThreadPool]: On list_ecom_warehouse_staging_marts: Close
[0m18:41:14.280407 [debug] [MainThread]: Using postgres connection "master"
[0m18:41:14.280656 [debug] [MainThread]: On master: BEGIN
[0m18:41:14.280777 [debug] [MainThread]: Opening a new connection, currently in state init
[0m18:41:14.289659 [debug] [MainThread]: SQL status: BEGIN in 0.009 seconds
[0m18:41:14.289919 [debug] [MainThread]: Using postgres connection "master"
[0m18:41:14.290117 [debug] [MainThread]: On master: /* {"app": "dbt", "dbt_version": "1.8.2", "profile_name": "ecom_profile", "target_name": "dev", "connection_name": "master"} */
with relation as (
        select
            pg_rewrite.ev_class as class,
            pg_rewrite.oid as id
        from pg_rewrite
    ),
    class as (
        select
            oid as id,
            relname as name,
            relnamespace as schema,
            relkind as kind
        from pg_class
    ),
    dependency as (
        select distinct
            pg_depend.objid as id,
            pg_depend.refobjid as ref
        from pg_depend
    ),
    schema as (
        select
            pg_namespace.oid as id,
            pg_namespace.nspname as name
        from pg_namespace
        where nspname != 'information_schema' and nspname not like 'pg\_%'
    ),
    referenced as (
        select
            relation.id AS id,
            referenced_class.name ,
            referenced_class.schema ,
            referenced_class.kind
        from relation
        join class as referenced_class on relation.class=referenced_class.id
        where referenced_class.kind in ('r', 'v', 'm')
    ),
    relationships as (
        select
            referenced.name as referenced_name,
            referenced.schema as referenced_schema_id,
            dependent_class.name as dependent_name,
            dependent_class.schema as dependent_schema_id,
            referenced.kind as kind
        from referenced
        join dependency on referenced.id=dependency.id
        join class as dependent_class on dependency.ref=dependent_class.id
        where
            (referenced.name != dependent_class.name or
             referenced.schema != dependent_class.schema)
    )

    select
        referenced_schema.name as referenced_schema,
        relationships.referenced_name as referenced_name,
        dependent_schema.name as dependent_schema,
        relationships.dependent_name as dependent_name
    from relationships
    join schema as dependent_schema on relationships.dependent_schema_id=dependent_schema.id
    join schema as referenced_schema on relationships.referenced_schema_id=referenced_schema.id
    group by referenced_schema, referenced_name, dependent_schema, dependent_name
    order by referenced_schema, referenced_name, dependent_schema, dependent_name;
[0m18:41:14.298588 [debug] [MainThread]: SQL status: SELECT 0 in 0.008 seconds
[0m18:41:14.299608 [debug] [MainThread]: Sending event: {'category': 'dbt', 'action': 'runnable_timing', 'label': '301e7df4-2ba6-4144-9a2c-994b6c6bada0', 'context': [<snowplow_tracker.self_describing_json.SelfDescribingJson object at 0x104ae3d90>]}
[0m18:41:14.299959 [debug] [MainThread]: On master: ROLLBACK
[0m18:41:14.300934 [debug] [MainThread]: Using postgres connection "master"
[0m18:41:14.301384 [debug] [MainThread]: On master: BEGIN
[0m18:41:14.302580 [debug] [MainThread]: SQL status: BEGIN in 0.001 seconds
[0m18:41:14.302726 [debug] [MainThread]: On master: COMMIT
[0m18:41:14.302854 [debug] [MainThread]: Using postgres connection "master"
[0m18:41:14.302974 [debug] [MainThread]: On master: COMMIT
[0m18:41:14.303656 [debug] [MainThread]: SQL status: COMMIT in 0.001 seconds
[0m18:41:14.303917 [debug] [MainThread]: On master: Close
[0m18:41:14.304216 [info ] [MainThread]: Concurrency: 4 threads (target='dev')
[0m18:41:14.304404 [info ] [MainThread]: 
[0m18:41:14.309658 [debug] [Thread-1 (]: Began running node model.ecom_dbt.stg_customers
[0m18:41:14.309976 [debug] [Thread-2 (]: Began running node model.ecom_dbt.stg_order_items
[0m18:41:14.310153 [debug] [Thread-3 (]: Began running node model.ecom_dbt.stg_orders
[0m18:41:14.310309 [debug] [Thread-4 (]: Began running node model.ecom_dbt.stg_products
[0m18:41:14.310582 [info ] [Thread-1 (]: 1 of 4 START sql view model staging_staging.stg_customers ...................... [RUN]
[0m18:41:14.310898 [info ] [Thread-2 (]: 2 of 4 START sql view model staging_staging.stg_order_items .................... [RUN]
[0m18:41:14.311215 [info ] [Thread-3 (]: 3 of 4 START sql view model staging_staging.stg_orders ......................... [RUN]
[0m18:41:14.311562 [info ] [Thread-4 (]: 4 of 4 START sql view model staging_staging.stg_products ....................... [RUN]
[0m18:41:14.311855 [debug] [Thread-1 (]: Re-using an available connection from the pool (formerly list_ecom_warehouse_staging_marts, now model.ecom_dbt.stg_customers)
[0m18:41:14.312139 [debug] [Thread-2 (]: Re-using an available connection from the pool (formerly list_ecom_warehouse_staging_staging, now model.ecom_dbt.stg_order_items)
[0m18:41:14.312379 [debug] [Thread-3 (]: Re-using an available connection from the pool (formerly list_ecom_warehouse_snapshots, now model.ecom_dbt.stg_orders)
[0m18:41:14.312616 [debug] [Thread-4 (]: Acquiring new postgres connection 'model.ecom_dbt.stg_products'
[0m18:41:14.312805 [debug] [Thread-1 (]: Began compiling node model.ecom_dbt.stg_customers
[0m18:41:14.312973 [debug] [Thread-2 (]: Began compiling node model.ecom_dbt.stg_order_items
[0m18:41:14.313126 [debug] [Thread-3 (]: Began compiling node model.ecom_dbt.stg_orders
[0m18:41:14.313285 [debug] [Thread-4 (]: Began compiling node model.ecom_dbt.stg_products
[0m18:41:14.316797 [debug] [Thread-1 (]: Writing injected SQL for node "model.ecom_dbt.stg_customers"
[0m18:41:14.318085 [debug] [Thread-2 (]: Writing injected SQL for node "model.ecom_dbt.stg_order_items"
[0m18:41:14.319253 [debug] [Thread-3 (]: Writing injected SQL for node "model.ecom_dbt.stg_orders"
[0m18:41:14.321511 [debug] [Thread-4 (]: Writing injected SQL for node "model.ecom_dbt.stg_products"
[0m18:41:14.322509 [debug] [Thread-3 (]: Began executing node model.ecom_dbt.stg_orders
[0m18:41:14.322747 [debug] [Thread-1 (]: Began executing node model.ecom_dbt.stg_customers
[0m18:41:14.322922 [debug] [Thread-4 (]: Began executing node model.ecom_dbt.stg_products
[0m18:41:14.328816 [debug] [Thread-2 (]: Began executing node model.ecom_dbt.stg_order_items
[0m18:41:14.340490 [debug] [Thread-3 (]: Writing runtime sql for node "model.ecom_dbt.stg_orders"
[0m18:41:14.342369 [debug] [Thread-1 (]: Writing runtime sql for node "model.ecom_dbt.stg_customers"
[0m18:41:14.343920 [debug] [Thread-4 (]: Writing runtime sql for node "model.ecom_dbt.stg_products"
[0m18:41:14.345365 [debug] [Thread-2 (]: Writing runtime sql for node "model.ecom_dbt.stg_order_items"
[0m18:41:14.346164 [debug] [Thread-3 (]: Using postgres connection "model.ecom_dbt.stg_orders"
[0m18:41:14.346385 [debug] [Thread-1 (]: Using postgres connection "model.ecom_dbt.stg_customers"
[0m18:41:14.346536 [debug] [Thread-3 (]: On model.ecom_dbt.stg_orders: BEGIN
[0m18:41:14.346773 [debug] [Thread-1 (]: On model.ecom_dbt.stg_customers: BEGIN
[0m18:41:14.346958 [debug] [Thread-3 (]: Opening a new connection, currently in state closed
[0m18:41:14.347157 [debug] [Thread-4 (]: Using postgres connection "model.ecom_dbt.stg_products"
[0m18:41:14.347329 [debug] [Thread-2 (]: Using postgres connection "model.ecom_dbt.stg_order_items"
[0m18:41:14.347499 [debug] [Thread-1 (]: Opening a new connection, currently in state closed
[0m18:41:14.347764 [debug] [Thread-4 (]: On model.ecom_dbt.stg_products: BEGIN
[0m18:41:14.347943 [debug] [Thread-2 (]: On model.ecom_dbt.stg_order_items: BEGIN
[0m18:41:14.348186 [debug] [Thread-4 (]: Opening a new connection, currently in state init
[0m18:41:14.348334 [debug] [Thread-2 (]: Opening a new connection, currently in state closed
[0m18:41:14.377640 [debug] [Thread-2 (]: SQL status: BEGIN in 0.029 seconds
[0m18:41:14.377970 [debug] [Thread-2 (]: Using postgres connection "model.ecom_dbt.stg_order_items"
[0m18:41:14.378151 [debug] [Thread-1 (]: SQL status: BEGIN in 0.031 seconds
[0m18:41:14.378364 [debug] [Thread-2 (]: On model.ecom_dbt.stg_order_items: /* {"app": "dbt", "dbt_version": "1.8.2", "profile_name": "ecom_profile", "target_name": "dev", "node_id": "model.ecom_dbt.stg_order_items"} */

  create view "ecom_warehouse"."staging_staging"."stg_order_items__dbt_tmp"
    
    
  as (
    WITH src AS (
  SELECT
    order_id,
    line_number,
    product_id,
    quantity,
    CAST(unit_price AS NUMERIC(10,2)) AS unit_price,
    CAST(amount AS NUMERIC(12,2)) AS amount
  FROM raw_order_items
)
SELECT * FROM src;
  );
[0m18:41:14.378598 [debug] [Thread-1 (]: Using postgres connection "model.ecom_dbt.stg_customers"
[0m18:41:14.378777 [debug] [Thread-3 (]: SQL status: BEGIN in 0.032 seconds
[0m18:41:14.379130 [debug] [Thread-1 (]: On model.ecom_dbt.stg_customers: /* {"app": "dbt", "dbt_version": "1.8.2", "profile_name": "ecom_profile", "target_name": "dev", "node_id": "model.ecom_dbt.stg_customers"} */

  create view "ecom_warehouse"."staging_staging"."stg_customers__dbt_tmp"
    
    
  as (
    WITH src AS (
  SELECT
    customer_id,
    full_name,
    email,
    city,
    segment,
    updated_at
  FROM raw_customers
)
SELECT * FROM src;
  );
[0m18:41:14.379407 [debug] [Thread-3 (]: Using postgres connection "model.ecom_dbt.stg_orders"
[0m18:41:14.379623 [debug] [Thread-3 (]: On model.ecom_dbt.stg_orders: /* {"app": "dbt", "dbt_version": "1.8.2", "profile_name": "ecom_profile", "target_name": "dev", "node_id": "model.ecom_dbt.stg_orders"} */

  create view "ecom_warehouse"."staging_staging"."stg_orders__dbt_tmp"
    
    
  as (
    WITH src AS (
  SELECT
    order_id,
    customer_id,
    order_ts,
    status,
    CAST(total_amount AS NUMERIC(12,2)) AS total_amount
  FROM raw_orders
)
SELECT * FROM src;
  );
[0m18:41:14.380859 [debug] [Thread-2 (]: Postgres adapter: Postgres error: syntax error at or near ";"
LINE 17: SELECT * FROM src;
                          ^

[0m18:41:14.381216 [debug] [Thread-2 (]: On model.ecom_dbt.stg_order_items: ROLLBACK
[0m18:41:14.381413 [debug] [Thread-3 (]: Postgres adapter: Postgres error: syntax error at or near ";"
LINE 16: SELECT * FROM src;
                          ^

[0m18:41:14.381589 [debug] [Thread-1 (]: Postgres adapter: Postgres error: syntax error at or near ";"
LINE 17: SELECT * FROM src;
                          ^

[0m18:41:14.381804 [debug] [Thread-3 (]: On model.ecom_dbt.stg_orders: ROLLBACK
[0m18:41:14.382213 [debug] [Thread-2 (]: On model.ecom_dbt.stg_order_items: Close
[0m18:41:14.382378 [debug] [Thread-1 (]: On model.ecom_dbt.stg_customers: ROLLBACK
[0m18:41:14.383641 [debug] [Thread-3 (]: On model.ecom_dbt.stg_orders: Close
[0m18:41:14.385530 [debug] [Thread-1 (]: On model.ecom_dbt.stg_customers: Close
[0m18:41:14.387862 [debug] [Thread-4 (]: SQL status: BEGIN in 0.040 seconds
[0m18:41:14.388234 [debug] [Thread-4 (]: Using postgres connection "model.ecom_dbt.stg_products"
[0m18:41:14.388556 [debug] [Thread-4 (]: On model.ecom_dbt.stg_products: /* {"app": "dbt", "dbt_version": "1.8.2", "profile_name": "ecom_profile", "target_name": "dev", "node_id": "model.ecom_dbt.stg_products"} */

  create view "ecom_warehouse"."staging_staging"."stg_products__dbt_tmp"
    
    
  as (
    WITH src AS (
  SELECT
    product_id,
    name,
    category,
    CAST(price AS NUMERIC(10,2)) AS price,
    updated_at
  FROM raw_products
)
SELECT * FROM src;
  );
[0m18:41:14.389655 [debug] [Thread-4 (]: Postgres adapter: Postgres error: syntax error at or near ";"
LINE 16: SELECT * FROM src;
                          ^

[0m18:41:14.390073 [debug] [Thread-4 (]: On model.ecom_dbt.stg_products: ROLLBACK
[0m18:41:14.390633 [debug] [Thread-4 (]: On model.ecom_dbt.stg_products: Close
[0m18:41:14.393053 [debug] [Thread-4 (]: Database Error in model stg_products (models/staging/stg_products.sql)
  syntax error at or near ";"
  LINE 16: SELECT * FROM src;
                            ^
  compiled code at target/run/ecom_dbt/models/staging/stg_products.sql
[0m18:41:14.393714 [debug] [Thread-2 (]: Database Error in model stg_order_items (models/staging/stg_order_items.sql)
  syntax error at or near ";"
  LINE 17: SELECT * FROM src;
                            ^
  compiled code at target/run/ecom_dbt/models/staging/stg_order_items.sql
[0m18:41:14.394426 [debug] [Thread-1 (]: Database Error in model stg_customers (models/staging/stg_customers.sql)
  syntax error at or near ";"
  LINE 17: SELECT * FROM src;
                            ^
  compiled code at target/run/ecom_dbt/models/staging/stg_customers.sql
[0m18:41:14.395582 [debug] [Thread-3 (]: Database Error in model stg_orders (models/staging/stg_orders.sql)
  syntax error at or near ";"
  LINE 16: SELECT * FROM src;
                            ^
  compiled code at target/run/ecom_dbt/models/staging/stg_orders.sql
[0m18:41:14.396287 [debug] [Thread-4 (]: Sending event: {'category': 'dbt', 'action': 'run_model', 'label': '301e7df4-2ba6-4144-9a2c-994b6c6bada0', 'context': [<snowplow_tracker.self_describing_json.SelfDescribingJson object at 0x1066eb2d0>]}
[0m18:41:14.396868 [debug] [Thread-2 (]: Sending event: {'category': 'dbt', 'action': 'run_model', 'label': '301e7df4-2ba6-4144-9a2c-994b6c6bada0', 'context': [<snowplow_tracker.self_describing_json.SelfDescribingJson object at 0x1066c21d0>]}
[0m18:41:14.397220 [debug] [Thread-1 (]: Sending event: {'category': 'dbt', 'action': 'run_model', 'label': '301e7df4-2ba6-4144-9a2c-994b6c6bada0', 'context': [<snowplow_tracker.self_describing_json.SelfDescribingJson object at 0x1067042d0>]}
[0m18:41:14.397552 [debug] [Thread-3 (]: Sending event: {'category': 'dbt', 'action': 'run_model', 'label': '301e7df4-2ba6-4144-9a2c-994b6c6bada0', 'context': [<snowplow_tracker.self_describing_json.SelfDescribingJson object at 0x1063509d0>]}
[0m18:41:14.397965 [error] [Thread-4 (]: 4 of 4 ERROR creating sql view model staging_staging.stg_products .............. [[31mERROR[0m in 0.08s]
[0m18:41:14.398376 [error] [Thread-2 (]: 2 of 4 ERROR creating sql view model staging_staging.stg_order_items ........... [[31mERROR[0m in 0.08s]
[0m18:41:14.398736 [error] [Thread-1 (]: 1 of 4 ERROR creating sql view model staging_staging.stg_customers ............. [[31mERROR[0m in 0.09s]
[0m18:41:14.399145 [error] [Thread-3 (]: 3 of 4 ERROR creating sql view model staging_staging.stg_orders ................ [[31mERROR[0m in 0.09s]
[0m18:41:14.399484 [debug] [Thread-4 (]: Finished running node model.ecom_dbt.stg_products
[0m18:41:14.399714 [debug] [Thread-2 (]: Finished running node model.ecom_dbt.stg_order_items
[0m18:41:14.400051 [debug] [Thread-1 (]: Finished running node model.ecom_dbt.stg_customers
[0m18:41:14.400331 [debug] [Thread-3 (]: Finished running node model.ecom_dbt.stg_orders
[0m18:41:14.401735 [debug] [MainThread]: Using postgres connection "master"
[0m18:41:14.401982 [debug] [MainThread]: On master: BEGIN
[0m18:41:14.402123 [debug] [MainThread]: Opening a new connection, currently in state closed
[0m18:41:14.411277 [debug] [MainThread]: SQL status: BEGIN in 0.009 seconds
[0m18:41:14.411522 [debug] [MainThread]: On master: COMMIT
[0m18:41:14.411645 [debug] [MainThread]: Using postgres connection "master"
[0m18:41:14.411757 [debug] [MainThread]: On master: COMMIT
[0m18:41:14.412436 [debug] [MainThread]: SQL status: COMMIT in 0.001 seconds
[0m18:41:14.412705 [debug] [MainThread]: On master: Close
[0m18:41:14.412973 [debug] [MainThread]: Connection 'master' was properly closed.
[0m18:41:14.413118 [debug] [MainThread]: Connection 'model.ecom_dbt.stg_customers' was properly closed.
[0m18:41:14.413240 [debug] [MainThread]: Connection 'model.ecom_dbt.stg_order_items' was properly closed.
[0m18:41:14.413358 [debug] [MainThread]: Connection 'model.ecom_dbt.stg_orders' was properly closed.
[0m18:41:14.413471 [debug] [MainThread]: Connection 'model.ecom_dbt.stg_products' was properly closed.
[0m18:41:14.413668 [info ] [MainThread]: 
[0m18:41:14.413827 [info ] [MainThread]: Finished running 4 view models in 0 hours 0 minutes and 0.29 seconds (0.29s).
[0m18:41:14.414400 [debug] [MainThread]: Command end result
[0m18:41:14.431419 [info ] [MainThread]: 
[0m18:41:14.431700 [info ] [MainThread]: [31mCompleted with 4 errors and 0 warnings:[0m
[0m18:41:14.431883 [info ] [MainThread]: 
[0m18:41:14.432100 [error] [MainThread]:   Database Error in model stg_products (models/staging/stg_products.sql)
  syntax error at or near ";"
  LINE 16: SELECT * FROM src;
                            ^
  compiled code at target/run/ecom_dbt/models/staging/stg_products.sql
[0m18:41:14.432250 [info ] [MainThread]: 
[0m18:41:14.432421 [error] [MainThread]:   Database Error in model stg_order_items (models/staging/stg_order_items.sql)
  syntax error at or near ";"
  LINE 17: SELECT * FROM src;
                            ^
  compiled code at target/run/ecom_dbt/models/staging/stg_order_items.sql
[0m18:41:14.432840 [info ] [MainThread]: 
[0m18:41:14.433000 [error] [MainThread]:   Database Error in model stg_customers (models/staging/stg_customers.sql)
  syntax error at or near ";"
  LINE 17: SELECT * FROM src;
                            ^
  compiled code at target/run/ecom_dbt/models/staging/stg_customers.sql
[0m18:41:14.433132 [info ] [MainThread]: 
[0m18:41:14.433285 [error] [MainThread]:   Database Error in model stg_orders (models/staging/stg_orders.sql)
  syntax error at or near ";"
  LINE 16: SELECT * FROM src;
                            ^
  compiled code at target/run/ecom_dbt/models/staging/stg_orders.sql
[0m18:41:14.433421 [info ] [MainThread]: 
[0m18:41:14.433568 [info ] [MainThread]: Done. PASS=0 WARN=0 ERROR=4 SKIP=0 TOTAL=4
[0m18:41:14.436024 [debug] [MainThread]: Resource report: {"command_name": "run", "command_wall_clock_time": 1.3058363, "process_user_time": 1.671963, "process_kernel_time": 0.289567, "process_mem_max_rss": "131203072", "command_success": false, "process_in_blocks": "0", "process_out_blocks": "0"}
[0m18:41:14.436312 [debug] [MainThread]: Command `dbt run` failed at 18:41:14.436266 after 1.31 seconds
[0m18:41:14.436514 [debug] [MainThread]: Sending event: {'category': 'dbt', 'action': 'invocation', 'label': 'end', 'context': [<snowplow_tracker.self_describing_json.SelfDescribingJson object at 0x103c69010>, <snowplow_tracker.self_describing_json.SelfDescribingJson object at 0x105105990>, <snowplow_tracker.self_describing_json.SelfDescribingJson object at 0x104b739d0>]}
[0m18:41:14.436691 [debug] [MainThread]: Flushing usage events
[0m18:41:21.802394 [debug] [MainThread]: Sending event: {'category': 'dbt', 'action': 'invocation', 'label': 'start', 'context': [<snowplow_tracker.self_describing_json.SelfDescribingJson object at 0x106634a50>, <snowplow_tracker.self_describing_json.SelfDescribingJson object at 0x10663f850>, <snowplow_tracker.self_describing_json.SelfDescribingJson object at 0x106671950>]}


============================== 18:41:21.806401 | 62070aea-204a-4276-b65b-44d66f9a3289 ==============================
[0m18:41:21.806401 [info ] [MainThread]: Running with dbt=1.8.2
[0m18:41:21.806741 [debug] [MainThread]: running dbt with arguments {'printer_width': '80', 'indirect_selection': 'eager', 'log_cache_events': 'False', 'write_json': 'True', 'partial_parse': 'True', 'cache_selected_only': 'False', 'profiles_dir': '/Users/ivan/downloads/de-ecommerce-warehouse/dbt', 'fail_fast': 'False', 'version_check': 'True', 'log_path': 'dbt/logs', 'debug': 'False', 'warn_error': 'None', 'use_colors': 'True', 'use_experimental_parser': 'False', 'no_print': 'None', 'quiet': 'False', 'log_format': 'default', 'introspect': 'True', 'warn_error_options': 'WarnErrorOptions(include=[], exclude=[])', 'static_parser': 'True', 'target_path': 'None', 'invocation_command': 'dbt snapshot --project-dir dbt', 'send_anonymous_usage_stats': 'True'}
[0m18:41:21.886861 [debug] [MainThread]: Sending event: {'category': 'dbt', 'action': 'project_id', 'label': '62070aea-204a-4276-b65b-44d66f9a3289', 'context': [<snowplow_tracker.self_describing_json.SelfDescribingJson object at 0x106670e90>]}
[0m18:41:21.969465 [debug] [MainThread]: Sending event: {'category': 'dbt', 'action': 'adapter_info', 'label': '62070aea-204a-4276-b65b-44d66f9a3289', 'context': [<snowplow_tracker.self_describing_json.SelfDescribingJson object at 0x1035af290>]}
[0m18:41:21.972297 [info ] [MainThread]: Registered adapter: postgres=1.8.2
[0m18:41:22.062148 [debug] [MainThread]: checksum: f0a141b9de567cb7f131613ba2682f40b3a1c6a157f81c6e5435862eff68f109, vars: {}, profile: , target: , version: 1.8.2
[0m18:41:22.142040 [debug] [MainThread]: Partial parsing enabled: 0 files deleted, 0 files added, 0 files changed.
[0m18:41:22.142358 [debug] [MainThread]: Partial parsing enabled, no changes found, skipping parsing
[0m18:41:22.166924 [debug] [MainThread]: Sending event: {'category': 'dbt', 'action': 'load_project', 'label': '62070aea-204a-4276-b65b-44d66f9a3289', 'context': [<snowplow_tracker.self_describing_json.SelfDescribingJson object at 0x10740b390>]}
[0m18:41:22.230250 [debug] [MainThread]: Sending event: {'category': 'dbt', 'action': 'resource_counts', 'label': '62070aea-204a-4276-b65b-44d66f9a3289', 'context': [<snowplow_tracker.self_describing_json.SelfDescribingJson object at 0x107350490>]}
[0m18:41:22.230637 [info ] [MainThread]: Found 8 models, 1 snapshot, 11 data tests, 428 macros
[0m18:41:22.230814 [debug] [MainThread]: Sending event: {'category': 'dbt', 'action': 'runnable_timing', 'label': '62070aea-204a-4276-b65b-44d66f9a3289', 'context': [<snowplow_tracker.self_describing_json.SelfDescribingJson object at 0x1072ebe90>]}
[0m18:41:22.231913 [info ] [MainThread]: 
[0m18:41:22.232266 [debug] [MainThread]: Acquiring new postgres connection 'master'
[0m18:41:22.232756 [debug] [ThreadPool]: Acquiring new postgres connection 'list_ecom_warehouse'
[0m18:41:22.315583 [debug] [ThreadPool]: Using postgres connection "list_ecom_warehouse"
[0m18:41:22.317308 [debug] [ThreadPool]: On list_ecom_warehouse: /* {"app": "dbt", "dbt_version": "1.8.2", "profile_name": "ecom_profile", "target_name": "dev", "connection_name": "list_ecom_warehouse"} */

    select distinct nspname from pg_namespace
  
[0m18:41:22.317703 [debug] [ThreadPool]: Opening a new connection, currently in state init
[0m18:41:22.397152 [debug] [ThreadPool]: SQL status: SELECT 9 in 0.079 seconds
[0m18:41:22.398096 [debug] [ThreadPool]: On list_ecom_warehouse: Close
[0m18:41:22.402229 [debug] [ThreadPool]: Re-using an available connection from the pool (formerly list_ecom_warehouse, now list_ecom_warehouse_staging_staging)
[0m18:41:22.403018 [debug] [ThreadPool]: Acquiring new postgres connection 'list_ecom_warehouse_snapshots'
[0m18:41:22.409441 [debug] [ThreadPool]: Using postgres connection "list_ecom_warehouse_staging_staging"
[0m18:41:22.409870 [debug] [ThreadPool]: Acquiring new postgres connection 'list_ecom_warehouse_staging_marts'
[0m18:41:22.411344 [debug] [ThreadPool]: Using postgres connection "list_ecom_warehouse_snapshots"
[0m18:41:22.411714 [debug] [ThreadPool]: On list_ecom_warehouse_staging_staging: BEGIN
[0m18:41:22.412967 [debug] [ThreadPool]: Using postgres connection "list_ecom_warehouse_staging_marts"
[0m18:41:22.413203 [debug] [ThreadPool]: On list_ecom_warehouse_snapshots: BEGIN
[0m18:41:22.413502 [debug] [ThreadPool]: Opening a new connection, currently in state closed
[0m18:41:22.413790 [debug] [ThreadPool]: On list_ecom_warehouse_staging_marts: BEGIN
[0m18:41:22.413972 [debug] [ThreadPool]: Opening a new connection, currently in state init
[0m18:41:22.414457 [debug] [ThreadPool]: Opening a new connection, currently in state init
[0m18:41:22.443655 [debug] [ThreadPool]: SQL status: BEGIN in 0.029 seconds
[0m18:41:22.444213 [debug] [ThreadPool]: Using postgres connection "list_ecom_warehouse_staging_marts"
[0m18:41:22.444747 [debug] [ThreadPool]: On list_ecom_warehouse_staging_marts: /* {"app": "dbt", "dbt_version": "1.8.2", "profile_name": "ecom_profile", "target_name": "dev", "connection_name": "list_ecom_warehouse_staging_marts"} */
select
      'ecom_warehouse' as database,
      tablename as name,
      schemaname as schema,
      'table' as type
    from pg_tables
    where schemaname ilike 'staging_marts'
    union all
    select
      'ecom_warehouse' as database,
      viewname as name,
      schemaname as schema,
      'view' as type
    from pg_views
    where schemaname ilike 'staging_marts'
    union all
    select
      'ecom_warehouse' as database,
      matviewname as name,
      schemaname as schema,
      'materialized_view' as type
    from pg_matviews
    where schemaname ilike 'staging_marts'
  
[0m18:41:22.446351 [debug] [ThreadPool]: SQL status: BEGIN in 0.032 seconds
[0m18:41:22.446685 [debug] [ThreadPool]: Using postgres connection "list_ecom_warehouse_snapshots"
[0m18:41:22.446945 [debug] [ThreadPool]: On list_ecom_warehouse_snapshots: /* {"app": "dbt", "dbt_version": "1.8.2", "profile_name": "ecom_profile", "target_name": "dev", "connection_name": "list_ecom_warehouse_snapshots"} */
select
      'ecom_warehouse' as database,
      tablename as name,
      schemaname as schema,
      'table' as type
    from pg_tables
    where schemaname ilike 'snapshots'
    union all
    select
      'ecom_warehouse' as database,
      viewname as name,
      schemaname as schema,
      'view' as type
    from pg_views
    where schemaname ilike 'snapshots'
    union all
    select
      'ecom_warehouse' as database,
      matviewname as name,
      schemaname as schema,
      'materialized_view' as type
    from pg_matviews
    where schemaname ilike 'snapshots'
  
[0m18:41:22.448825 [debug] [ThreadPool]: SQL status: BEGIN in 0.035 seconds
[0m18:41:22.449119 [debug] [ThreadPool]: Using postgres connection "list_ecom_warehouse_staging_staging"
[0m18:41:22.449297 [debug] [ThreadPool]: On list_ecom_warehouse_staging_staging: /* {"app": "dbt", "dbt_version": "1.8.2", "profile_name": "ecom_profile", "target_name": "dev", "connection_name": "list_ecom_warehouse_staging_staging"} */
select
      'ecom_warehouse' as database,
      tablename as name,
      schemaname as schema,
      'table' as type
    from pg_tables
    where schemaname ilike 'staging_staging'
    union all
    select
      'ecom_warehouse' as database,
      viewname as name,
      schemaname as schema,
      'view' as type
    from pg_views
    where schemaname ilike 'staging_staging'
    union all
    select
      'ecom_warehouse' as database,
      matviewname as name,
      schemaname as schema,
      'materialized_view' as type
    from pg_matviews
    where schemaname ilike 'staging_staging'
  
[0m18:41:22.453666 [debug] [ThreadPool]: SQL status: SELECT 0 in 0.006 seconds
[0m18:41:22.454140 [debug] [ThreadPool]: SQL status: SELECT 0 in 0.009 seconds
[0m18:41:22.455219 [debug] [ThreadPool]: On list_ecom_warehouse_snapshots: ROLLBACK
[0m18:41:22.456557 [debug] [ThreadPool]: On list_ecom_warehouse_staging_marts: ROLLBACK
[0m18:41:22.457876 [debug] [ThreadPool]: On list_ecom_warehouse_staging_marts: Close
[0m18:41:22.458094 [debug] [ThreadPool]: On list_ecom_warehouse_snapshots: Close
[0m18:41:22.458706 [debug] [ThreadPool]: SQL status: SELECT 0 in 0.009 seconds
[0m18:41:22.459337 [debug] [ThreadPool]: On list_ecom_warehouse_staging_staging: ROLLBACK
[0m18:41:22.460397 [debug] [ThreadPool]: On list_ecom_warehouse_staging_staging: Close
[0m18:41:22.463478 [debug] [MainThread]: Using postgres connection "master"
[0m18:41:22.463707 [debug] [MainThread]: On master: BEGIN
[0m18:41:22.463832 [debug] [MainThread]: Opening a new connection, currently in state init
[0m18:41:22.472643 [debug] [MainThread]: SQL status: BEGIN in 0.009 seconds
[0m18:41:22.472914 [debug] [MainThread]: Using postgres connection "master"
[0m18:41:22.473120 [debug] [MainThread]: On master: /* {"app": "dbt", "dbt_version": "1.8.2", "profile_name": "ecom_profile", "target_name": "dev", "connection_name": "master"} */
with relation as (
        select
            pg_rewrite.ev_class as class,
            pg_rewrite.oid as id
        from pg_rewrite
    ),
    class as (
        select
            oid as id,
            relname as name,
            relnamespace as schema,
            relkind as kind
        from pg_class
    ),
    dependency as (
        select distinct
            pg_depend.objid as id,
            pg_depend.refobjid as ref
        from pg_depend
    ),
    schema as (
        select
            pg_namespace.oid as id,
            pg_namespace.nspname as name
        from pg_namespace
        where nspname != 'information_schema' and nspname not like 'pg\_%'
    ),
    referenced as (
        select
            relation.id AS id,
            referenced_class.name ,
            referenced_class.schema ,
            referenced_class.kind
        from relation
        join class as referenced_class on relation.class=referenced_class.id
        where referenced_class.kind in ('r', 'v', 'm')
    ),
    relationships as (
        select
            referenced.name as referenced_name,
            referenced.schema as referenced_schema_id,
            dependent_class.name as dependent_name,
            dependent_class.schema as dependent_schema_id,
            referenced.kind as kind
        from referenced
        join dependency on referenced.id=dependency.id
        join class as dependent_class on dependency.ref=dependent_class.id
        where
            (referenced.name != dependent_class.name or
             referenced.schema != dependent_class.schema)
    )

    select
        referenced_schema.name as referenced_schema,
        relationships.referenced_name as referenced_name,
        dependent_schema.name as dependent_schema,
        relationships.dependent_name as dependent_name
    from relationships
    join schema as dependent_schema on relationships.dependent_schema_id=dependent_schema.id
    join schema as referenced_schema on relationships.referenced_schema_id=referenced_schema.id
    group by referenced_schema, referenced_name, dependent_schema, dependent_name
    order by referenced_schema, referenced_name, dependent_schema, dependent_name;
[0m18:41:22.482906 [debug] [MainThread]: SQL status: SELECT 0 in 0.010 seconds
[0m18:41:22.483737 [debug] [MainThread]: Sending event: {'category': 'dbt', 'action': 'runnable_timing', 'label': '62070aea-204a-4276-b65b-44d66f9a3289', 'context': [<snowplow_tracker.self_describing_json.SelfDescribingJson object at 0x10794cc10>]}
[0m18:41:22.484083 [debug] [MainThread]: On master: ROLLBACK
[0m18:41:22.485597 [debug] [MainThread]: Using postgres connection "master"
[0m18:41:22.485863 [debug] [MainThread]: On master: BEGIN
[0m18:41:22.488078 [debug] [MainThread]: SQL status: BEGIN in 0.002 seconds
[0m18:41:22.488359 [debug] [MainThread]: On master: COMMIT
[0m18:41:22.488506 [debug] [MainThread]: Using postgres connection "master"
[0m18:41:22.488632 [debug] [MainThread]: On master: COMMIT
[0m18:41:22.489351 [debug] [MainThread]: SQL status: COMMIT in 0.001 seconds
[0m18:41:22.489512 [debug] [MainThread]: On master: Close
[0m18:41:22.489801 [info ] [MainThread]: Concurrency: 4 threads (target='dev')
[0m18:41:22.490105 [info ] [MainThread]: 
[0m18:41:22.491912 [debug] [Thread-1 (]: Began running node snapshot.ecom_dbt.snap_customers
[0m18:41:22.492225 [info ] [Thread-1 (]: 1 of 1 START snapshot snapshots.snap_customers ................................. [RUN]
[0m18:41:22.492460 [debug] [Thread-1 (]: Re-using an available connection from the pool (formerly list_ecom_warehouse_staging_staging, now snapshot.ecom_dbt.snap_customers)
[0m18:41:22.492632 [debug] [Thread-1 (]: Began compiling node snapshot.ecom_dbt.snap_customers
[0m18:41:22.497789 [debug] [Thread-1 (]: Began executing node snapshot.ecom_dbt.snap_customers
[0m18:41:22.533375 [debug] [Thread-1 (]: Using postgres connection "snapshot.ecom_dbt.snap_customers"
[0m18:41:22.533706 [debug] [Thread-1 (]: On snapshot.ecom_dbt.snap_customers: /* {"app": "dbt", "dbt_version": "1.8.2", "profile_name": "ecom_profile", "target_name": "dev", "node_id": "snapshot.ecom_dbt.snap_customers"} */
select * from (
        
    

    select *,
        md5(coalesce(cast(customer_id as varchar ), '')
         || '|' || coalesce(cast(updated_at as varchar ), '')
        ) as dbt_scd_id,
        updated_at as dbt_updated_at,
        updated_at as dbt_valid_from,
        
  
  coalesce(nullif(updated_at, updated_at), null)
  as dbt_valid_to

    from (
        



-- Take history from the cleaned staging model
select
  customer_id,
  full_name,
  email,
  city,
  segment,
  updated_at
from "ecom_warehouse"."staging_staging"."stg_customers"

    ) sbq



    ) as __dbt_sbq
    where false
    limit 0

[0m18:41:22.533883 [debug] [Thread-1 (]: Opening a new connection, currently in state closed
[0m18:41:22.543404 [debug] [Thread-1 (]: Postgres adapter: Postgres error: relation "staging_staging.stg_customers" does not exist
LINE 30: from "ecom_warehouse"."staging_staging"."stg_customers"
              ^

[0m18:41:22.543787 [debug] [Thread-1 (]: On snapshot.ecom_dbt.snap_customers: Close
[0m18:41:22.546694 [debug] [Thread-1 (]: Database Error in snapshot snap_customers (snapshots/snap_customers.sql)
  relation "staging_staging.stg_customers" does not exist
  LINE 30: from "ecom_warehouse"."staging_staging"."stg_customers"
                ^
[0m18:41:22.547547 [debug] [Thread-1 (]: Sending event: {'category': 'dbt', 'action': 'run_model', 'label': '62070aea-204a-4276-b65b-44d66f9a3289', 'context': [<snowplow_tracker.self_describing_json.SelfDescribingJson object at 0x1078ee4d0>]}
[0m18:41:22.547970 [error] [Thread-1 (]: 1 of 1 ERROR snapshotting snapshots.snap_customers ............................. [[31mERROR[0m in 0.05s]
[0m18:41:22.548312 [debug] [Thread-1 (]: Finished running node snapshot.ecom_dbt.snap_customers
[0m18:41:22.549500 [debug] [MainThread]: Using postgres connection "master"
[0m18:41:22.549657 [debug] [MainThread]: On master: BEGIN
[0m18:41:22.549782 [debug] [MainThread]: Opening a new connection, currently in state closed
[0m18:41:22.570302 [debug] [MainThread]: SQL status: BEGIN in 0.020 seconds
[0m18:41:22.570916 [debug] [MainThread]: On master: COMMIT
[0m18:41:22.571167 [debug] [MainThread]: Using postgres connection "master"
[0m18:41:22.571319 [debug] [MainThread]: On master: COMMIT
[0m18:41:22.572538 [debug] [MainThread]: SQL status: COMMIT in 0.001 seconds
[0m18:41:22.572715 [debug] [MainThread]: On master: Close
[0m18:41:22.572950 [debug] [MainThread]: Connection 'master' was properly closed.
[0m18:41:22.573076 [debug] [MainThread]: Connection 'snapshot.ecom_dbt.snap_customers' was properly closed.
[0m18:41:22.573200 [debug] [MainThread]: Connection 'list_ecom_warehouse_snapshots' was properly closed.
[0m18:41:22.573305 [debug] [MainThread]: Connection 'list_ecom_warehouse_staging_marts' was properly closed.
[0m18:41:22.573457 [info ] [MainThread]: 
[0m18:41:22.573837 [info ] [MainThread]: Finished running 1 snapshot in 0 hours 0 minutes and 0.34 seconds (0.34s).
[0m18:41:22.575560 [debug] [MainThread]: Command end result
[0m18:41:22.591868 [info ] [MainThread]: 
[0m18:41:22.592149 [info ] [MainThread]: [31mCompleted with 1 error and 0 warnings:[0m
[0m18:41:22.592297 [info ] [MainThread]: 
[0m18:41:22.592484 [error] [MainThread]:   Database Error in snapshot snap_customers (snapshots/snap_customers.sql)
  relation "staging_staging.stg_customers" does not exist
  LINE 30: from "ecom_warehouse"."staging_staging"."stg_customers"
                ^
[0m18:41:22.592623 [info ] [MainThread]: 
[0m18:41:22.592808 [info ] [MainThread]: Done. PASS=0 WARN=0 ERROR=1 SKIP=0 TOTAL=1
[0m18:41:22.595526 [debug] [MainThread]: Resource report: {"command_name": "snapshot", "command_wall_clock_time": 0.8332922, "process_user_time": 1.122501, "process_kernel_time": 0.253755, "process_mem_max_rss": "120750080", "command_success": false, "process_in_blocks": "0", "process_out_blocks": "0"}
[0m18:41:22.596011 [debug] [MainThread]: Command `dbt snapshot` failed at 18:41:22.595963 after 0.83 seconds
[0m18:41:22.596238 [debug] [MainThread]: Sending event: {'category': 'dbt', 'action': 'invocation', 'label': 'end', 'context': [<snowplow_tracker.self_describing_json.SelfDescribingJson object at 0x106671850>, <snowplow_tracker.self_describing_json.SelfDescribingJson object at 0x106605690>, <snowplow_tracker.self_describing_json.SelfDescribingJson object at 0x1065fbed0>]}
[0m18:41:22.596414 [debug] [MainThread]: Flushing usage events
[0m18:41:27.969011 [debug] [MainThread]: Sending event: {'category': 'dbt', 'action': 'invocation', 'label': 'start', 'context': [<snowplow_tracker.self_describing_json.SelfDescribingJson object at 0x1202fe110>, <snowplow_tracker.self_describing_json.SelfDescribingJson object at 0x120335410>, <snowplow_tracker.self_describing_json.SelfDescribingJson object at 0x120335190>]}


============================== 18:41:27.972361 | 94ba90d9-993c-4cde-844c-0ff8f76afd20 ==============================
[0m18:41:27.972361 [info ] [MainThread]: Running with dbt=1.8.2
[0m18:41:27.972697 [debug] [MainThread]: running dbt with arguments {'printer_width': '80', 'indirect_selection': 'eager', 'log_cache_events': 'False', 'write_json': 'True', 'partial_parse': 'True', 'cache_selected_only': 'False', 'warn_error': 'None', 'fail_fast': 'False', 'profiles_dir': '/Users/ivan/downloads/de-ecommerce-warehouse/dbt', 'log_path': 'dbt/logs', 'debug': 'False', 'version_check': 'True', 'use_colors': 'True', 'use_experimental_parser': 'False', 'no_print': 'None', 'quiet': 'False', 'log_format': 'default', 'invocation_command': 'dbt run --project-dir dbt --select marts', 'introspect': 'True', 'static_parser': 'True', 'target_path': 'None', 'warn_error_options': 'WarnErrorOptions(include=[], exclude=[])', 'send_anonymous_usage_stats': 'True'}
[0m18:41:28.054341 [debug] [MainThread]: Sending event: {'category': 'dbt', 'action': 'project_id', 'label': '94ba90d9-993c-4cde-844c-0ff8f76afd20', 'context': [<snowplow_tracker.self_describing_json.SelfDescribingJson object at 0x12039ca90>]}
[0m18:41:28.077859 [debug] [MainThread]: Sending event: {'category': 'dbt', 'action': 'adapter_info', 'label': '94ba90d9-993c-4cde-844c-0ff8f76afd20', 'context': [<snowplow_tracker.self_describing_json.SelfDescribingJson object at 0x1049afa10>]}
[0m18:41:28.078629 [info ] [MainThread]: Registered adapter: postgres=1.8.2
[0m18:41:28.136081 [debug] [MainThread]: checksum: f0a141b9de567cb7f131613ba2682f40b3a1c6a157f81c6e5435862eff68f109, vars: {}, profile: , target: , version: 1.8.2
[0m18:41:28.210817 [debug] [MainThread]: Partial parsing enabled: 0 files deleted, 0 files added, 0 files changed.
[0m18:41:28.211094 [debug] [MainThread]: Partial parsing enabled, no changes found, skipping parsing
[0m18:41:28.234823 [debug] [MainThread]: Sending event: {'category': 'dbt', 'action': 'load_project', 'label': '94ba90d9-993c-4cde-844c-0ff8f76afd20', 'context': [<snowplow_tracker.self_describing_json.SelfDescribingJson object at 0x120e63910>]}
[0m18:41:28.324283 [debug] [MainThread]: Sending event: {'category': 'dbt', 'action': 'resource_counts', 'label': '94ba90d9-993c-4cde-844c-0ff8f76afd20', 'context': [<snowplow_tracker.self_describing_json.SelfDescribingJson object at 0x120c28d50>]}
[0m18:41:28.325284 [info ] [MainThread]: Found 8 models, 1 snapshot, 11 data tests, 428 macros
[0m18:41:28.326625 [debug] [MainThread]: Sending event: {'category': 'dbt', 'action': 'runnable_timing', 'label': '94ba90d9-993c-4cde-844c-0ff8f76afd20', 'context': [<snowplow_tracker.self_describing_json.SelfDescribingJson object at 0x120305e10>]}
[0m18:41:28.329724 [info ] [MainThread]: 
[0m18:41:28.330331 [debug] [MainThread]: Acquiring new postgres connection 'master'
[0m18:41:28.336053 [debug] [ThreadPool]: Acquiring new postgres connection 'list_ecom_warehouse'
[0m18:41:28.440515 [debug] [ThreadPool]: Using postgres connection "list_ecom_warehouse"
[0m18:41:28.453742 [debug] [ThreadPool]: On list_ecom_warehouse: /* {"app": "dbt", "dbt_version": "1.8.2", "profile_name": "ecom_profile", "target_name": "dev", "connection_name": "list_ecom_warehouse"} */

    select distinct nspname from pg_namespace
  
[0m18:41:28.453967 [debug] [ThreadPool]: Opening a new connection, currently in state init
[0m18:41:28.669474 [debug] [ThreadPool]: SQL status: SELECT 9 in 0.215 seconds
[0m18:41:28.670672 [debug] [ThreadPool]: On list_ecom_warehouse: Close
[0m18:41:28.671336 [debug] [ThreadPool]: Re-using an available connection from the pool (formerly list_ecom_warehouse, now create_ecom_warehouse_staging_marts)
[0m18:41:28.671622 [debug] [ThreadPool]: Creating schema "database: "ecom_warehouse"
schema: "staging_marts"
"
[0m18:41:28.674859 [debug] [ThreadPool]: Using postgres connection "create_ecom_warehouse_staging_marts"
[0m18:41:28.675062 [debug] [ThreadPool]: On create_ecom_warehouse_staging_marts: BEGIN
[0m18:41:28.675188 [debug] [ThreadPool]: Opening a new connection, currently in state closed
[0m18:41:28.686197 [debug] [ThreadPool]: SQL status: BEGIN in 0.011 seconds
[0m18:41:28.686532 [debug] [ThreadPool]: Using postgres connection "create_ecom_warehouse_staging_marts"
[0m18:41:28.686708 [debug] [ThreadPool]: On create_ecom_warehouse_staging_marts: /* {"app": "dbt", "dbt_version": "1.8.2", "profile_name": "ecom_profile", "target_name": "dev", "connection_name": "create_ecom_warehouse_staging_marts"} */
create schema if not exists "staging_marts"
[0m18:41:28.691543 [debug] [ThreadPool]: SQL status: CREATE SCHEMA in 0.005 seconds
[0m18:41:28.692312 [debug] [ThreadPool]: On create_ecom_warehouse_staging_marts: COMMIT
[0m18:41:28.692528 [debug] [ThreadPool]: Using postgres connection "create_ecom_warehouse_staging_marts"
[0m18:41:28.692663 [debug] [ThreadPool]: On create_ecom_warehouse_staging_marts: COMMIT
[0m18:41:28.694056 [debug] [ThreadPool]: SQL status: COMMIT in 0.001 seconds
[0m18:41:28.694296 [debug] [ThreadPool]: On create_ecom_warehouse_staging_marts: Close
[0m18:41:28.695505 [debug] [ThreadPool]: Re-using an available connection from the pool (formerly create_ecom_warehouse_staging_marts, now list_ecom_warehouse_staging_marts)
[0m18:41:28.695938 [debug] [ThreadPool]: Acquiring new postgres connection 'list_ecom_warehouse_staging_staging'
[0m18:41:28.698956 [debug] [ThreadPool]: Using postgres connection "list_ecom_warehouse_staging_marts"
[0m18:41:28.699365 [debug] [ThreadPool]: Acquiring new postgres connection 'list_ecom_warehouse_snapshots'
[0m18:41:28.700843 [debug] [ThreadPool]: Using postgres connection "list_ecom_warehouse_staging_staging"
[0m18:41:28.701089 [debug] [ThreadPool]: On list_ecom_warehouse_staging_marts: BEGIN
[0m18:41:28.702630 [debug] [ThreadPool]: Using postgres connection "list_ecom_warehouse_snapshots"
[0m18:41:28.702824 [debug] [ThreadPool]: On list_ecom_warehouse_staging_staging: BEGIN
[0m18:41:28.703052 [debug] [ThreadPool]: Opening a new connection, currently in state closed
[0m18:41:28.703266 [debug] [ThreadPool]: On list_ecom_warehouse_snapshots: BEGIN
[0m18:41:28.703455 [debug] [ThreadPool]: Opening a new connection, currently in state init
[0m18:41:28.703733 [debug] [ThreadPool]: Opening a new connection, currently in state init
[0m18:41:28.722371 [debug] [ThreadPool]: SQL status: BEGIN in 0.019 seconds
[0m18:41:28.722755 [debug] [ThreadPool]: Using postgres connection "list_ecom_warehouse_staging_marts"
[0m18:41:28.723082 [debug] [ThreadPool]: On list_ecom_warehouse_staging_marts: /* {"app": "dbt", "dbt_version": "1.8.2", "profile_name": "ecom_profile", "target_name": "dev", "connection_name": "list_ecom_warehouse_staging_marts"} */
select
      'ecom_warehouse' as database,
      tablename as name,
      schemaname as schema,
      'table' as type
    from pg_tables
    where schemaname ilike 'staging_marts'
    union all
    select
      'ecom_warehouse' as database,
      viewname as name,
      schemaname as schema,
      'view' as type
    from pg_views
    where schemaname ilike 'staging_marts'
    union all
    select
      'ecom_warehouse' as database,
      matviewname as name,
      schemaname as schema,
      'materialized_view' as type
    from pg_matviews
    where schemaname ilike 'staging_marts'
  
[0m18:41:28.723889 [debug] [ThreadPool]: SQL status: BEGIN in 0.020 seconds
[0m18:41:28.724172 [debug] [ThreadPool]: Using postgres connection "list_ecom_warehouse_snapshots"
[0m18:41:28.724359 [debug] [ThreadPool]: On list_ecom_warehouse_snapshots: /* {"app": "dbt", "dbt_version": "1.8.2", "profile_name": "ecom_profile", "target_name": "dev", "connection_name": "list_ecom_warehouse_snapshots"} */
select
      'ecom_warehouse' as database,
      tablename as name,
      schemaname as schema,
      'table' as type
    from pg_tables
    where schemaname ilike 'snapshots'
    union all
    select
      'ecom_warehouse' as database,
      viewname as name,
      schemaname as schema,
      'view' as type
    from pg_views
    where schemaname ilike 'snapshots'
    union all
    select
      'ecom_warehouse' as database,
      matviewname as name,
      schemaname as schema,
      'materialized_view' as type
    from pg_matviews
    where schemaname ilike 'snapshots'
  
[0m18:41:28.727523 [debug] [ThreadPool]: SQL status: SELECT 0 in 0.004 seconds
[0m18:41:28.728441 [debug] [ThreadPool]: On list_ecom_warehouse_staging_marts: ROLLBACK
[0m18:41:28.729605 [debug] [ThreadPool]: On list_ecom_warehouse_staging_marts: Close
[0m18:41:28.731120 [debug] [ThreadPool]: SQL status: SELECT 0 in 0.006 seconds
[0m18:41:28.731813 [debug] [ThreadPool]: On list_ecom_warehouse_snapshots: ROLLBACK
[0m18:41:28.732076 [debug] [ThreadPool]: SQL status: BEGIN in 0.029 seconds
[0m18:41:28.732228 [debug] [ThreadPool]: Using postgres connection "list_ecom_warehouse_staging_staging"
[0m18:41:28.732370 [debug] [ThreadPool]: On list_ecom_warehouse_staging_staging: /* {"app": "dbt", "dbt_version": "1.8.2", "profile_name": "ecom_profile", "target_name": "dev", "connection_name": "list_ecom_warehouse_staging_staging"} */
select
      'ecom_warehouse' as database,
      tablename as name,
      schemaname as schema,
      'table' as type
    from pg_tables
    where schemaname ilike 'staging_staging'
    union all
    select
      'ecom_warehouse' as database,
      viewname as name,
      schemaname as schema,
      'view' as type
    from pg_views
    where schemaname ilike 'staging_staging'
    union all
    select
      'ecom_warehouse' as database,
      matviewname as name,
      schemaname as schema,
      'materialized_view' as type
    from pg_matviews
    where schemaname ilike 'staging_staging'
  
[0m18:41:28.732534 [debug] [ThreadPool]: On list_ecom_warehouse_snapshots: Close
[0m18:41:28.738353 [debug] [ThreadPool]: SQL status: SELECT 0 in 0.006 seconds
[0m18:41:28.739160 [debug] [ThreadPool]: On list_ecom_warehouse_staging_staging: ROLLBACK
[0m18:41:28.741774 [debug] [ThreadPool]: On list_ecom_warehouse_staging_staging: Close
[0m18:41:28.745050 [debug] [MainThread]: Using postgres connection "master"
[0m18:41:28.745359 [debug] [MainThread]: On master: BEGIN
[0m18:41:28.745481 [debug] [MainThread]: Opening a new connection, currently in state init
[0m18:41:28.755676 [debug] [MainThread]: SQL status: BEGIN in 0.010 seconds
[0m18:41:28.755975 [debug] [MainThread]: Using postgres connection "master"
[0m18:41:28.756186 [debug] [MainThread]: On master: /* {"app": "dbt", "dbt_version": "1.8.2", "profile_name": "ecom_profile", "target_name": "dev", "connection_name": "master"} */
with relation as (
        select
            pg_rewrite.ev_class as class,
            pg_rewrite.oid as id
        from pg_rewrite
    ),
    class as (
        select
            oid as id,
            relname as name,
            relnamespace as schema,
            relkind as kind
        from pg_class
    ),
    dependency as (
        select distinct
            pg_depend.objid as id,
            pg_depend.refobjid as ref
        from pg_depend
    ),
    schema as (
        select
            pg_namespace.oid as id,
            pg_namespace.nspname as name
        from pg_namespace
        where nspname != 'information_schema' and nspname not like 'pg\_%'
    ),
    referenced as (
        select
            relation.id AS id,
            referenced_class.name ,
            referenced_class.schema ,
            referenced_class.kind
        from relation
        join class as referenced_class on relation.class=referenced_class.id
        where referenced_class.kind in ('r', 'v', 'm')
    ),
    relationships as (
        select
            referenced.name as referenced_name,
            referenced.schema as referenced_schema_id,
            dependent_class.name as dependent_name,
            dependent_class.schema as dependent_schema_id,
            referenced.kind as kind
        from referenced
        join dependency on referenced.id=dependency.id
        join class as dependent_class on dependency.ref=dependent_class.id
        where
            (referenced.name != dependent_class.name or
             referenced.schema != dependent_class.schema)
    )

    select
        referenced_schema.name as referenced_schema,
        relationships.referenced_name as referenced_name,
        dependent_schema.name as dependent_schema,
        relationships.dependent_name as dependent_name
    from relationships
    join schema as dependent_schema on relationships.dependent_schema_id=dependent_schema.id
    join schema as referenced_schema on relationships.referenced_schema_id=referenced_schema.id
    group by referenced_schema, referenced_name, dependent_schema, dependent_name
    order by referenced_schema, referenced_name, dependent_schema, dependent_name;
[0m18:41:28.763227 [debug] [MainThread]: SQL status: SELECT 0 in 0.007 seconds
[0m18:41:28.763997 [debug] [MainThread]: Sending event: {'category': 'dbt', 'action': 'runnable_timing', 'label': '94ba90d9-993c-4cde-844c-0ff8f76afd20', 'context': [<snowplow_tracker.self_describing_json.SelfDescribingJson object at 0x1207e2350>]}
[0m18:41:28.767545 [debug] [MainThread]: On master: ROLLBACK
[0m18:41:28.768348 [debug] [MainThread]: Using postgres connection "master"
[0m18:41:28.768490 [debug] [MainThread]: On master: BEGIN
[0m18:41:28.770337 [debug] [MainThread]: SQL status: BEGIN in 0.002 seconds
[0m18:41:28.770472 [debug] [MainThread]: On master: COMMIT
[0m18:41:28.770585 [debug] [MainThread]: Using postgres connection "master"
[0m18:41:28.770842 [debug] [MainThread]: On master: COMMIT
[0m18:41:28.771582 [debug] [MainThread]: SQL status: COMMIT in 0.001 seconds
[0m18:41:28.771734 [debug] [MainThread]: On master: Close
[0m18:41:28.771995 [info ] [MainThread]: Concurrency: 4 threads (target='dev')
[0m18:41:28.772163 [info ] [MainThread]: 
[0m18:41:28.774071 [debug] [Thread-1 (]: Began running node model.ecom_dbt.dim_customer
[0m18:41:28.774301 [debug] [Thread-2 (]: Began running node model.ecom_dbt.dim_product
[0m18:41:28.774471 [debug] [Thread-3 (]: Began running node model.ecom_dbt.fct_order_items
[0m18:41:28.774761 [info ] [Thread-1 (]: 1 of 4 START sql view model staging_marts.dim_customer ......................... [RUN]
[0m18:41:28.775017 [info ] [Thread-2 (]: 2 of 4 START sql view model staging_marts.dim_product .......................... [RUN]
[0m18:41:28.775253 [info ] [Thread-3 (]: 3 of 4 START sql view model staging_marts.fct_order_items ...................... [RUN]
[0m18:41:28.775549 [debug] [Thread-1 (]: Re-using an available connection from the pool (formerly list_ecom_warehouse_staging_marts, now model.ecom_dbt.dim_customer)
[0m18:41:28.775877 [debug] [Thread-2 (]: Re-using an available connection from the pool (formerly list_ecom_warehouse_staging_staging, now model.ecom_dbt.dim_product)
[0m18:41:28.776193 [debug] [Thread-3 (]: Re-using an available connection from the pool (formerly list_ecom_warehouse_snapshots, now model.ecom_dbt.fct_order_items)
[0m18:41:28.776470 [debug] [Thread-1 (]: Began compiling node model.ecom_dbt.dim_customer
[0m18:41:28.776733 [debug] [Thread-2 (]: Began compiling node model.ecom_dbt.dim_product
[0m18:41:28.776941 [debug] [Thread-3 (]: Began compiling node model.ecom_dbt.fct_order_items
[0m18:41:28.781291 [debug] [Thread-1 (]: Writing injected SQL for node "model.ecom_dbt.dim_customer"
[0m18:41:28.782623 [debug] [Thread-2 (]: Writing injected SQL for node "model.ecom_dbt.dim_product"
[0m18:41:28.783890 [debug] [Thread-3 (]: Writing injected SQL for node "model.ecom_dbt.fct_order_items"
[0m18:41:28.784599 [debug] [Thread-1 (]: Began executing node model.ecom_dbt.dim_customer
[0m18:41:28.790590 [debug] [Thread-3 (]: Began executing node model.ecom_dbt.fct_order_items
[0m18:41:28.802350 [debug] [Thread-1 (]: Writing runtime sql for node "model.ecom_dbt.dim_customer"
[0m18:41:28.802593 [debug] [Thread-2 (]: Began executing node model.ecom_dbt.dim_product
[0m18:41:28.804617 [debug] [Thread-3 (]: Writing runtime sql for node "model.ecom_dbt.fct_order_items"
[0m18:41:28.806680 [debug] [Thread-2 (]: Writing runtime sql for node "model.ecom_dbt.dim_product"
[0m18:41:28.807343 [debug] [Thread-1 (]: Using postgres connection "model.ecom_dbt.dim_customer"
[0m18:41:28.807774 [debug] [Thread-3 (]: Using postgres connection "model.ecom_dbt.fct_order_items"
[0m18:41:28.808039 [debug] [Thread-1 (]: On model.ecom_dbt.dim_customer: BEGIN
[0m18:41:28.808331 [debug] [Thread-3 (]: On model.ecom_dbt.fct_order_items: BEGIN
[0m18:41:28.808522 [debug] [Thread-2 (]: Using postgres connection "model.ecom_dbt.dim_product"
[0m18:41:28.808744 [debug] [Thread-1 (]: Opening a new connection, currently in state closed
[0m18:41:28.808983 [debug] [Thread-3 (]: Opening a new connection, currently in state closed
[0m18:41:28.809222 [debug] [Thread-2 (]: On model.ecom_dbt.dim_product: BEGIN
[0m18:41:28.809628 [debug] [Thread-2 (]: Opening a new connection, currently in state closed
[0m18:41:28.866320 [debug] [Thread-1 (]: SQL status: BEGIN in 0.058 seconds
[0m18:41:28.866772 [debug] [Thread-1 (]: Using postgres connection "model.ecom_dbt.dim_customer"
[0m18:41:28.866970 [debug] [Thread-1 (]: On model.ecom_dbt.dim_customer: /* {"app": "dbt", "dbt_version": "1.8.2", "profile_name": "ecom_profile", "target_name": "dev", "node_id": "model.ecom_dbt.dim_customer"} */

  create view "ecom_warehouse"."staging_marts"."dim_customer__dbt_tmp"
    
    
  as (
    with snap as (
  select * from "ecom_warehouse"."snapshots"."snap_customers"
),
final as (
  select
    customer_id,
    full_name,
    email,
    city,
    segment,
    dbt_valid_from as valid_from,
    dbt_valid_to   as valid_to,
    case when dbt_valid_to is null then true else false end as is_current
  from snap
)
select * from final;
  );
[0m18:41:28.867890 [debug] [Thread-2 (]: SQL status: BEGIN in 0.058 seconds
[0m18:41:28.868090 [debug] [Thread-2 (]: Using postgres connection "model.ecom_dbt.dim_product"
[0m18:41:28.868367 [debug] [Thread-1 (]: Postgres adapter: Postgres error: syntax error at or near ";"
LINE 22: select * from final;
                            ^

[0m18:41:28.868643 [debug] [Thread-2 (]: On model.ecom_dbt.dim_product: /* {"app": "dbt", "dbt_version": "1.8.2", "profile_name": "ecom_profile", "target_name": "dev", "node_id": "model.ecom_dbt.dim_product"} */

  create view "ecom_warehouse"."staging_marts"."dim_product__dbt_tmp"
    
    
  as (
    select product_id, name, category, price from "ecom_warehouse"."staging_staging"."stg_products";
  );
[0m18:41:28.868977 [debug] [Thread-1 (]: On model.ecom_dbt.dim_customer: ROLLBACK
[0m18:41:28.876157 [debug] [Thread-1 (]: On model.ecom_dbt.dim_customer: Close
[0m18:41:28.876405 [debug] [Thread-2 (]: Postgres adapter: Postgres error: syntax error at or near ";"
LINE 7: ...rice from "ecom_warehouse"."staging_staging"."stg_products";
                                                                      ^

[0m18:41:28.876684 [debug] [Thread-3 (]: SQL status: BEGIN in 0.068 seconds
[0m18:41:28.877809 [debug] [Thread-2 (]: On model.ecom_dbt.dim_product: ROLLBACK
[0m18:41:28.878108 [debug] [Thread-3 (]: Using postgres connection "model.ecom_dbt.fct_order_items"
[0m18:41:28.878795 [debug] [Thread-3 (]: On model.ecom_dbt.fct_order_items: /* {"app": "dbt", "dbt_version": "1.8.2", "profile_name": "ecom_profile", "target_name": "dev", "node_id": "model.ecom_dbt.fct_order_items"} */

  create view "ecom_warehouse"."staging_marts"."fct_order_items__dbt_tmp"
    
    
  as (
    with oi as (select * from "ecom_warehouse"."staging_staging"."stg_order_items"),
o as (select * from "ecom_warehouse"."staging_staging"."stg_orders")
select
  o.order_ts::date as order_date,
  oi.order_id,
  oi.line_number,
  o.customer_id,
  oi.product_id,
  oi.quantity,
  oi.unit_price,
  oi.amount
from oi join o using(order_id);
  );
[0m18:41:28.879119 [debug] [Thread-2 (]: On model.ecom_dbt.dim_product: Close
[0m18:41:28.880376 [debug] [Thread-3 (]: Postgres adapter: Postgres error: syntax error at or near ";"
LINE 18: from oi join o using(order_id);
                                       ^

[0m18:41:28.880738 [debug] [Thread-3 (]: On model.ecom_dbt.fct_order_items: ROLLBACK
[0m18:41:28.881605 [debug] [Thread-3 (]: On model.ecom_dbt.fct_order_items: Close
[0m18:41:28.883834 [debug] [Thread-2 (]: Database Error in model dim_product (models/marts/dim_product.sql)
  syntax error at or near ";"
  LINE 7: ...rice from "ecom_warehouse"."staging_staging"."stg_products";
                                                                        ^
  compiled code at target/run/ecom_dbt/models/marts/dim_product.sql
[0m18:41:28.884947 [debug] [Thread-2 (]: Sending event: {'category': 'dbt', 'action': 'run_model', 'label': '94ba90d9-993c-4cde-844c-0ff8f76afd20', 'context': [<snowplow_tracker.self_describing_json.SelfDescribingJson object at 0x121543c10>]}
[0m18:41:28.885337 [error] [Thread-2 (]: 2 of 4 ERROR creating sql view model staging_marts.dim_product ................. [[31mERROR[0m in 0.11s]
[0m18:41:28.885622 [debug] [Thread-2 (]: Finished running node model.ecom_dbt.dim_product
[0m18:41:28.886406 [debug] [Thread-3 (]: Database Error in model fct_order_items (models/marts/fct_order_items.sql)
  syntax error at or near ";"
  LINE 18: from oi join o using(order_id);
                                         ^
  compiled code at target/run/ecom_dbt/models/marts/fct_order_items.sql
[0m18:41:28.887140 [debug] [Thread-1 (]: Database Error in model dim_customer (models/marts/dim_customer.sql)
  syntax error at or near ";"
  LINE 22: select * from final;
                              ^
  compiled code at target/run/ecom_dbt/models/marts/dim_customer.sql
[0m18:41:28.891193 [debug] [Thread-3 (]: Sending event: {'category': 'dbt', 'action': 'run_model', 'label': '94ba90d9-993c-4cde-844c-0ff8f76afd20', 'context': [<snowplow_tracker.self_describing_json.SelfDescribingJson object at 0x12167c8d0>]}
[0m18:41:28.891565 [debug] [Thread-1 (]: Sending event: {'category': 'dbt', 'action': 'run_model', 'label': '94ba90d9-993c-4cde-844c-0ff8f76afd20', 'context': [<snowplow_tracker.self_describing_json.SelfDescribingJson object at 0x1215785d0>]}
[0m18:41:28.892001 [error] [Thread-3 (]: 3 of 4 ERROR creating sql view model staging_marts.fct_order_items ............. [[31mERROR[0m in 0.12s]
[0m18:41:28.892430 [error] [Thread-1 (]: 1 of 4 ERROR creating sql view model staging_marts.dim_customer ................ [[31mERROR[0m in 0.12s]
[0m18:41:28.892816 [debug] [Thread-3 (]: Finished running node model.ecom_dbt.fct_order_items
[0m18:41:28.893114 [debug] [Thread-1 (]: Finished running node model.ecom_dbt.dim_customer
[0m18:41:28.893531 [debug] [Thread-4 (]: Began running node model.ecom_dbt.fct_daily_sales
[0m18:41:28.893829 [info ] [Thread-4 (]: 4 of 4 SKIP relation staging_marts.fct_daily_sales ............................. [[33mSKIP[0m]
[0m18:41:28.894066 [debug] [Thread-4 (]: Finished running node model.ecom_dbt.fct_daily_sales
[0m18:41:28.894881 [debug] [MainThread]: Using postgres connection "master"
[0m18:41:28.895138 [debug] [MainThread]: On master: BEGIN
[0m18:41:28.895333 [debug] [MainThread]: Opening a new connection, currently in state closed
[0m18:41:28.935006 [debug] [MainThread]: SQL status: BEGIN in 0.040 seconds
[0m18:41:28.935322 [debug] [MainThread]: On master: COMMIT
[0m18:41:28.935458 [debug] [MainThread]: Using postgres connection "master"
[0m18:41:28.935719 [debug] [MainThread]: On master: COMMIT
[0m18:41:28.937496 [debug] [MainThread]: SQL status: COMMIT in 0.001 seconds
[0m18:41:28.937849 [debug] [MainThread]: On master: Close
[0m18:41:28.938152 [debug] [MainThread]: Connection 'master' was properly closed.
[0m18:41:28.938286 [debug] [MainThread]: Connection 'model.ecom_dbt.dim_customer' was properly closed.
[0m18:41:28.938400 [debug] [MainThread]: Connection 'model.ecom_dbt.dim_product' was properly closed.
[0m18:41:28.938506 [debug] [MainThread]: Connection 'model.ecom_dbt.fct_order_items' was properly closed.
[0m18:41:28.938689 [info ] [MainThread]: 
[0m18:41:28.938850 [info ] [MainThread]: Finished running 4 view models in 0 hours 0 minutes and 0.61 seconds (0.61s).
[0m18:41:28.939288 [debug] [MainThread]: Command end result
[0m18:41:28.959935 [info ] [MainThread]: 
[0m18:41:28.960263 [info ] [MainThread]: [31mCompleted with 3 errors and 0 warnings:[0m
[0m18:41:28.960410 [info ] [MainThread]: 
[0m18:41:28.960600 [error] [MainThread]:   Database Error in model dim_product (models/marts/dim_product.sql)
  syntax error at or near ";"
  LINE 7: ...rice from "ecom_warehouse"."staging_staging"."stg_products";
                                                                        ^
  compiled code at target/run/ecom_dbt/models/marts/dim_product.sql
[0m18:41:28.960740 [info ] [MainThread]: 
[0m18:41:28.960899 [error] [MainThread]:   Database Error in model fct_order_items (models/marts/fct_order_items.sql)
  syntax error at or near ";"
  LINE 18: from oi join o using(order_id);
                                         ^
  compiled code at target/run/ecom_dbt/models/marts/fct_order_items.sql
[0m18:41:28.961027 [info ] [MainThread]: 
[0m18:41:28.961172 [error] [MainThread]:   Database Error in model dim_customer (models/marts/dim_customer.sql)
  syntax error at or near ";"
  LINE 22: select * from final;
                              ^
  compiled code at target/run/ecom_dbt/models/marts/dim_customer.sql
[0m18:41:28.961302 [info ] [MainThread]: 
[0m18:41:28.961444 [info ] [MainThread]: Done. PASS=0 WARN=0 ERROR=3 SKIP=1 TOTAL=4
[0m18:41:28.963569 [debug] [MainThread]: Resource report: {"command_name": "run", "command_wall_clock_time": 1.0383085, "process_user_time": 1.128682, "process_kernel_time": 0.270177, "process_mem_max_rss": "111788032", "command_success": false, "process_in_blocks": "0", "process_out_blocks": "0"}
[0m18:41:28.963973 [debug] [MainThread]: Command `dbt run` failed at 18:41:28.963917 after 1.04 seconds
[0m18:41:28.964311 [debug] [MainThread]: Sending event: {'category': 'dbt', 'action': 'invocation', 'label': 'end', 'context': [<snowplow_tracker.self_describing_json.SelfDescribingJson object at 0x120334e90>, <snowplow_tracker.self_describing_json.SelfDescribingJson object at 0x1002c2a10>, <snowplow_tracker.self_describing_json.SelfDescribingJson object at 0x120305750>]}
[0m18:41:28.964527 [debug] [MainThread]: Flushing usage events
[0m18:41:33.706721 [debug] [MainThread]: Sending event: {'category': 'dbt', 'action': 'invocation', 'label': 'start', 'context': [<snowplow_tracker.self_describing_json.SelfDescribingJson object at 0x1095fc2d0>, <snowplow_tracker.self_describing_json.SelfDescribingJson object at 0x109631410>, <snowplow_tracker.self_describing_json.SelfDescribingJson object at 0x109669890>]}


============================== 18:41:33.709987 | e7e44ee6-b6fa-4917-bf93-f5e5e641ecd3 ==============================
[0m18:41:33.709987 [info ] [MainThread]: Running with dbt=1.8.2
[0m18:41:33.710347 [debug] [MainThread]: running dbt with arguments {'printer_width': '80', 'indirect_selection': 'eager', 'write_json': 'True', 'log_cache_events': 'False', 'partial_parse': 'True', 'cache_selected_only': 'False', 'warn_error': 'None', 'version_check': 'True', 'debug': 'False', 'log_path': 'dbt/logs', 'profiles_dir': '/Users/ivan/downloads/de-ecommerce-warehouse/dbt', 'fail_fast': 'False', 'use_colors': 'True', 'use_experimental_parser': 'False', 'no_print': 'None', 'quiet': 'False', 'warn_error_options': 'WarnErrorOptions(include=[], exclude=[])', 'static_parser': 'True', 'invocation_command': 'dbt test --project-dir dbt', 'introspect': 'True', 'target_path': 'None', 'log_format': 'default', 'send_anonymous_usage_stats': 'True'}
[0m18:41:33.789643 [debug] [MainThread]: Sending event: {'category': 'dbt', 'action': 'project_id', 'label': 'e7e44ee6-b6fa-4917-bf93-f5e5e641ecd3', 'context': [<snowplow_tracker.self_describing_json.SelfDescribingJson object at 0x109add550>]}
[0m18:41:33.812597 [debug] [MainThread]: Sending event: {'category': 'dbt', 'action': 'adapter_info', 'label': 'e7e44ee6-b6fa-4917-bf93-f5e5e641ecd3', 'context': [<snowplow_tracker.self_describing_json.SelfDescribingJson object at 0x106daf950>]}
[0m18:41:33.813282 [info ] [MainThread]: Registered adapter: postgres=1.8.2
[0m18:41:33.874302 [debug] [MainThread]: checksum: f0a141b9de567cb7f131613ba2682f40b3a1c6a157f81c6e5435862eff68f109, vars: {}, profile: , target: , version: 1.8.2
[0m18:41:33.947406 [debug] [MainThread]: Partial parsing enabled: 0 files deleted, 0 files added, 0 files changed.
[0m18:41:33.947725 [debug] [MainThread]: Partial parsing enabled, no changes found, skipping parsing
[0m18:41:33.974514 [debug] [MainThread]: Sending event: {'category': 'dbt', 'action': 'load_project', 'label': 'e7e44ee6-b6fa-4917-bf93-f5e5e641ecd3', 'context': [<snowplow_tracker.self_describing_json.SelfDescribingJson object at 0x10a36a190>]}
[0m18:41:34.037797 [debug] [MainThread]: Sending event: {'category': 'dbt', 'action': 'resource_counts', 'label': 'e7e44ee6-b6fa-4917-bf93-f5e5e641ecd3', 'context': [<snowplow_tracker.self_describing_json.SelfDescribingJson object at 0x10a5c7e90>]}
[0m18:41:34.038115 [info ] [MainThread]: Found 8 models, 1 snapshot, 11 data tests, 428 macros
[0m18:41:34.038277 [debug] [MainThread]: Sending event: {'category': 'dbt', 'action': 'runnable_timing', 'label': 'e7e44ee6-b6fa-4917-bf93-f5e5e641ecd3', 'context': [<snowplow_tracker.self_describing_json.SelfDescribingJson object at 0x1096069d0>]}
[0m18:41:34.039374 [info ] [MainThread]: 
[0m18:41:34.039666 [debug] [MainThread]: Acquiring new postgres connection 'master'
[0m18:41:34.041830 [debug] [ThreadPool]: Acquiring new postgres connection 'list_ecom_warehouse_staging_marts'
[0m18:41:34.042337 [debug] [ThreadPool]: Acquiring new postgres connection 'list_ecom_warehouse_staging_staging'
[0m18:41:34.042665 [debug] [ThreadPool]: Acquiring new postgres connection 'list_ecom_warehouse_snapshots'
[0m18:41:34.074899 [debug] [ThreadPool]: Using postgres connection "list_ecom_warehouse_staging_marts"
[0m18:41:34.075287 [debug] [ThreadPool]: Using postgres connection "list_ecom_warehouse_staging_staging"
[0m18:41:34.075461 [debug] [ThreadPool]: On list_ecom_warehouse_staging_marts: BEGIN
[0m18:41:34.075604 [debug] [ThreadPool]: Using postgres connection "list_ecom_warehouse_snapshots"
[0m18:41:34.075737 [debug] [ThreadPool]: On list_ecom_warehouse_staging_staging: BEGIN
[0m18:41:34.075871 [debug] [ThreadPool]: Opening a new connection, currently in state init
[0m18:41:34.075987 [debug] [ThreadPool]: On list_ecom_warehouse_snapshots: BEGIN
[0m18:41:34.076097 [debug] [ThreadPool]: Opening a new connection, currently in state init
[0m18:41:34.076471 [debug] [ThreadPool]: Opening a new connection, currently in state init
[0m18:41:34.115518 [debug] [ThreadPool]: SQL status: BEGIN in 0.039 seconds
[0m18:41:34.115784 [debug] [ThreadPool]: SQL status: BEGIN in 0.040 seconds
[0m18:41:34.115946 [debug] [ThreadPool]: SQL status: BEGIN in 0.040 seconds
[0m18:41:34.116162 [debug] [ThreadPool]: Using postgres connection "list_ecom_warehouse_staging_staging"
[0m18:41:34.116366 [debug] [ThreadPool]: Using postgres connection "list_ecom_warehouse_staging_marts"
[0m18:41:34.116657 [debug] [ThreadPool]: Using postgres connection "list_ecom_warehouse_snapshots"
[0m18:41:34.116870 [debug] [ThreadPool]: On list_ecom_warehouse_staging_staging: /* {"app": "dbt", "dbt_version": "1.8.2", "profile_name": "ecom_profile", "target_name": "dev", "connection_name": "list_ecom_warehouse_staging_staging"} */
select
      'ecom_warehouse' as database,
      tablename as name,
      schemaname as schema,
      'table' as type
    from pg_tables
    where schemaname ilike 'staging_staging'
    union all
    select
      'ecom_warehouse' as database,
      viewname as name,
      schemaname as schema,
      'view' as type
    from pg_views
    where schemaname ilike 'staging_staging'
    union all
    select
      'ecom_warehouse' as database,
      matviewname as name,
      schemaname as schema,
      'materialized_view' as type
    from pg_matviews
    where schemaname ilike 'staging_staging'
  
[0m18:41:34.117084 [debug] [ThreadPool]: On list_ecom_warehouse_staging_marts: /* {"app": "dbt", "dbt_version": "1.8.2", "profile_name": "ecom_profile", "target_name": "dev", "connection_name": "list_ecom_warehouse_staging_marts"} */
select
      'ecom_warehouse' as database,
      tablename as name,
      schemaname as schema,
      'table' as type
    from pg_tables
    where schemaname ilike 'staging_marts'
    union all
    select
      'ecom_warehouse' as database,
      viewname as name,
      schemaname as schema,
      'view' as type
    from pg_views
    where schemaname ilike 'staging_marts'
    union all
    select
      'ecom_warehouse' as database,
      matviewname as name,
      schemaname as schema,
      'materialized_view' as type
    from pg_matviews
    where schemaname ilike 'staging_marts'
  
[0m18:41:34.117389 [debug] [ThreadPool]: On list_ecom_warehouse_snapshots: /* {"app": "dbt", "dbt_version": "1.8.2", "profile_name": "ecom_profile", "target_name": "dev", "connection_name": "list_ecom_warehouse_snapshots"} */
select
      'ecom_warehouse' as database,
      tablename as name,
      schemaname as schema,
      'table' as type
    from pg_tables
    where schemaname ilike 'snapshots'
    union all
    select
      'ecom_warehouse' as database,
      viewname as name,
      schemaname as schema,
      'view' as type
    from pg_views
    where schemaname ilike 'snapshots'
    union all
    select
      'ecom_warehouse' as database,
      matviewname as name,
      schemaname as schema,
      'materialized_view' as type
    from pg_matviews
    where schemaname ilike 'snapshots'
  
[0m18:41:34.128335 [debug] [ThreadPool]: SQL status: SELECT 0 in 0.011 seconds
[0m18:41:34.128565 [debug] [ThreadPool]: SQL status: SELECT 0 in 0.011 seconds
[0m18:41:34.128718 [debug] [ThreadPool]: SQL status: SELECT 0 in 0.011 seconds
[0m18:41:34.129446 [debug] [ThreadPool]: On list_ecom_warehouse_staging_marts: ROLLBACK
[0m18:41:34.130084 [debug] [ThreadPool]: On list_ecom_warehouse_snapshots: ROLLBACK
[0m18:41:34.130592 [debug] [ThreadPool]: On list_ecom_warehouse_staging_staging: ROLLBACK
[0m18:41:34.133793 [debug] [ThreadPool]: On list_ecom_warehouse_staging_marts: Close
[0m18:41:34.134126 [debug] [ThreadPool]: On list_ecom_warehouse_snapshots: Close
[0m18:41:34.134365 [debug] [ThreadPool]: On list_ecom_warehouse_staging_staging: Close
[0m18:41:34.138365 [debug] [MainThread]: Using postgres connection "master"
[0m18:41:34.138700 [debug] [MainThread]: On master: BEGIN
[0m18:41:34.138848 [debug] [MainThread]: Opening a new connection, currently in state init
[0m18:41:34.147125 [debug] [MainThread]: SQL status: BEGIN in 0.008 seconds
[0m18:41:34.147369 [debug] [MainThread]: Using postgres connection "master"
[0m18:41:34.147561 [debug] [MainThread]: On master: /* {"app": "dbt", "dbt_version": "1.8.2", "profile_name": "ecom_profile", "target_name": "dev", "connection_name": "master"} */
with relation as (
        select
            pg_rewrite.ev_class as class,
            pg_rewrite.oid as id
        from pg_rewrite
    ),
    class as (
        select
            oid as id,
            relname as name,
            relnamespace as schema,
            relkind as kind
        from pg_class
    ),
    dependency as (
        select distinct
            pg_depend.objid as id,
            pg_depend.refobjid as ref
        from pg_depend
    ),
    schema as (
        select
            pg_namespace.oid as id,
            pg_namespace.nspname as name
        from pg_namespace
        where nspname != 'information_schema' and nspname not like 'pg\_%'
    ),
    referenced as (
        select
            relation.id AS id,
            referenced_class.name ,
            referenced_class.schema ,
            referenced_class.kind
        from relation
        join class as referenced_class on relation.class=referenced_class.id
        where referenced_class.kind in ('r', 'v', 'm')
    ),
    relationships as (
        select
            referenced.name as referenced_name,
            referenced.schema as referenced_schema_id,
            dependent_class.name as dependent_name,
            dependent_class.schema as dependent_schema_id,
            referenced.kind as kind
        from referenced
        join dependency on referenced.id=dependency.id
        join class as dependent_class on dependency.ref=dependent_class.id
        where
            (referenced.name != dependent_class.name or
             referenced.schema != dependent_class.schema)
    )

    select
        referenced_schema.name as referenced_schema,
        relationships.referenced_name as referenced_name,
        dependent_schema.name as dependent_schema,
        relationships.dependent_name as dependent_name
    from relationships
    join schema as dependent_schema on relationships.dependent_schema_id=dependent_schema.id
    join schema as referenced_schema on relationships.referenced_schema_id=referenced_schema.id
    group by referenced_schema, referenced_name, dependent_schema, dependent_name
    order by referenced_schema, referenced_name, dependent_schema, dependent_name;
[0m18:41:34.152064 [debug] [MainThread]: SQL status: SELECT 0 in 0.004 seconds
[0m18:41:34.152936 [debug] [MainThread]: Sending event: {'category': 'dbt', 'action': 'runnable_timing', 'label': 'e7e44ee6-b6fa-4917-bf93-f5e5e641ecd3', 'context': [<snowplow_tracker.self_describing_json.SelfDescribingJson object at 0x10a27f710>]}
[0m18:41:34.153302 [debug] [MainThread]: On master: ROLLBACK
[0m18:41:34.154124 [debug] [MainThread]: Using postgres connection "master"
[0m18:41:34.154284 [debug] [MainThread]: On master: BEGIN
[0m18:41:34.155284 [debug] [MainThread]: SQL status: BEGIN in 0.001 seconds
[0m18:41:34.155425 [debug] [MainThread]: On master: COMMIT
[0m18:41:34.155543 [debug] [MainThread]: Using postgres connection "master"
[0m18:41:34.155654 [debug] [MainThread]: On master: COMMIT
[0m18:41:34.156436 [debug] [MainThread]: SQL status: COMMIT in 0.001 seconds
[0m18:41:34.156574 [debug] [MainThread]: On master: Close
[0m18:41:34.156829 [info ] [MainThread]: Concurrency: 4 threads (target='dev')
[0m18:41:34.157143 [info ] [MainThread]: 
[0m18:41:34.158605 [debug] [Thread-1 (]: Began running node test.ecom_dbt.not_null_stg_customers_customer_id.e2cfb1f9aa
[0m18:41:34.158887 [debug] [Thread-2 (]: Began running node test.ecom_dbt.not_null_stg_customers_email.d7cf761533
[0m18:41:34.159145 [debug] [Thread-3 (]: Began running node test.ecom_dbt.not_null_stg_order_items_line_number.98cc63d226
[0m18:41:34.159577 [debug] [Thread-4 (]: Began running node test.ecom_dbt.not_null_stg_order_items_order_id.2063801f96
[0m18:41:34.159399 [info ] [Thread-1 (]: 1 of 11 START test not_null_stg_customers_customer_id .......................... [RUN]
[0m18:41:34.159779 [info ] [Thread-2 (]: 2 of 11 START test not_null_stg_customers_email ................................ [RUN]
[0m18:41:34.159956 [info ] [Thread-3 (]: 3 of 11 START test not_null_stg_order_items_line_number ........................ [RUN]
[0m18:41:34.160535 [debug] [Thread-1 (]: Re-using an available connection from the pool (formerly list_ecom_warehouse_staging_marts, now test.ecom_dbt.not_null_stg_customers_customer_id.e2cfb1f9aa)
[0m18:41:34.160091 [info ] [Thread-4 (]: 4 of 11 START test not_null_stg_order_items_order_id ........................... [RUN]
[0m18:41:34.160755 [debug] [Thread-2 (]: Re-using an available connection from the pool (formerly list_ecom_warehouse_staging_staging, now test.ecom_dbt.not_null_stg_customers_email.d7cf761533)
[0m18:41:34.160913 [debug] [Thread-3 (]: Re-using an available connection from the pool (formerly list_ecom_warehouse_snapshots, now test.ecom_dbt.not_null_stg_order_items_line_number.98cc63d226)
[0m18:41:34.161078 [debug] [Thread-1 (]: Began compiling node test.ecom_dbt.not_null_stg_customers_customer_id.e2cfb1f9aa
[0m18:41:34.161272 [debug] [Thread-4 (]: Acquiring new postgres connection 'test.ecom_dbt.not_null_stg_order_items_order_id.2063801f96'
[0m18:41:34.161413 [debug] [Thread-2 (]: Began compiling node test.ecom_dbt.not_null_stg_customers_email.d7cf761533
[0m18:41:34.161552 [debug] [Thread-3 (]: Began compiling node test.ecom_dbt.not_null_stg_order_items_line_number.98cc63d226
[0m18:41:34.170441 [debug] [Thread-1 (]: Writing injected SQL for node "test.ecom_dbt.not_null_stg_customers_customer_id.e2cfb1f9aa"
[0m18:41:34.170623 [debug] [Thread-4 (]: Began compiling node test.ecom_dbt.not_null_stg_order_items_order_id.2063801f96
[0m18:41:34.172467 [debug] [Thread-2 (]: Writing injected SQL for node "test.ecom_dbt.not_null_stg_customers_email.d7cf761533"
[0m18:41:34.174211 [debug] [Thread-3 (]: Writing injected SQL for node "test.ecom_dbt.not_null_stg_order_items_line_number.98cc63d226"
[0m18:41:34.176927 [debug] [Thread-4 (]: Writing injected SQL for node "test.ecom_dbt.not_null_stg_order_items_order_id.2063801f96"
[0m18:41:34.177584 [debug] [Thread-3 (]: Began executing node test.ecom_dbt.not_null_stg_order_items_line_number.98cc63d226
[0m18:41:34.177890 [debug] [Thread-2 (]: Began executing node test.ecom_dbt.not_null_stg_customers_email.d7cf761533
[0m18:41:34.178075 [debug] [Thread-1 (]: Began executing node test.ecom_dbt.not_null_stg_customers_customer_id.e2cfb1f9aa
[0m18:41:34.184624 [debug] [Thread-4 (]: Began executing node test.ecom_dbt.not_null_stg_order_items_order_id.2063801f96
[0m18:41:34.186864 [debug] [Thread-3 (]: Writing runtime sql for node "test.ecom_dbt.not_null_stg_order_items_line_number.98cc63d226"
[0m18:41:34.188431 [debug] [Thread-2 (]: Writing runtime sql for node "test.ecom_dbt.not_null_stg_customers_email.d7cf761533"
[0m18:41:34.189916 [debug] [Thread-1 (]: Writing runtime sql for node "test.ecom_dbt.not_null_stg_customers_customer_id.e2cfb1f9aa"
[0m18:41:34.191386 [debug] [Thread-4 (]: Writing runtime sql for node "test.ecom_dbt.not_null_stg_order_items_order_id.2063801f96"
[0m18:41:34.192167 [debug] [Thread-2 (]: Using postgres connection "test.ecom_dbt.not_null_stg_customers_email.d7cf761533"
[0m18:41:34.192361 [debug] [Thread-3 (]: Using postgres connection "test.ecom_dbt.not_null_stg_order_items_line_number.98cc63d226"
[0m18:41:34.192611 [debug] [Thread-1 (]: Using postgres connection "test.ecom_dbt.not_null_stg_customers_customer_id.e2cfb1f9aa"
[0m18:41:34.192870 [debug] [Thread-4 (]: Using postgres connection "test.ecom_dbt.not_null_stg_order_items_order_id.2063801f96"
[0m18:41:34.193077 [debug] [Thread-2 (]: On test.ecom_dbt.not_null_stg_customers_email.d7cf761533: BEGIN
[0m18:41:34.193253 [debug] [Thread-3 (]: On test.ecom_dbt.not_null_stg_order_items_line_number.98cc63d226: BEGIN
[0m18:41:34.193550 [debug] [Thread-1 (]: On test.ecom_dbt.not_null_stg_customers_customer_id.e2cfb1f9aa: BEGIN
[0m18:41:34.193713 [debug] [Thread-4 (]: On test.ecom_dbt.not_null_stg_order_items_order_id.2063801f96: BEGIN
[0m18:41:34.194301 [debug] [Thread-2 (]: Opening a new connection, currently in state closed
[0m18:41:34.194472 [debug] [Thread-3 (]: Opening a new connection, currently in state closed
[0m18:41:34.194644 [debug] [Thread-1 (]: Opening a new connection, currently in state closed
[0m18:41:34.194799 [debug] [Thread-4 (]: Opening a new connection, currently in state init
[0m18:41:34.219598 [debug] [Thread-2 (]: SQL status: BEGIN in 0.025 seconds
[0m18:41:34.219929 [debug] [Thread-1 (]: SQL status: BEGIN in 0.025 seconds
[0m18:41:34.220215 [debug] [Thread-4 (]: SQL status: BEGIN in 0.025 seconds
[0m18:41:34.220461 [debug] [Thread-3 (]: SQL status: BEGIN in 0.026 seconds
[0m18:41:34.220663 [debug] [Thread-2 (]: Using postgres connection "test.ecom_dbt.not_null_stg_customers_email.d7cf761533"
[0m18:41:34.220908 [debug] [Thread-1 (]: Using postgres connection "test.ecom_dbt.not_null_stg_customers_customer_id.e2cfb1f9aa"
[0m18:41:34.221117 [debug] [Thread-4 (]: Using postgres connection "test.ecom_dbt.not_null_stg_order_items_order_id.2063801f96"
[0m18:41:34.221292 [debug] [Thread-3 (]: Using postgres connection "test.ecom_dbt.not_null_stg_order_items_line_number.98cc63d226"
[0m18:41:34.221482 [debug] [Thread-2 (]: On test.ecom_dbt.not_null_stg_customers_email.d7cf761533: /* {"app": "dbt", "dbt_version": "1.8.2", "profile_name": "ecom_profile", "target_name": "dev", "node_id": "test.ecom_dbt.not_null_stg_customers_email.d7cf761533"} */
select
      count(*) as failures,
      count(*) != 0 as should_warn,
      count(*) != 0 as should_error
    from (
      
    
    



select email
from "ecom_warehouse"."staging_staging"."stg_customers"
where email is null



      
    ) dbt_internal_test
[0m18:41:34.221671 [debug] [Thread-1 (]: On test.ecom_dbt.not_null_stg_customers_customer_id.e2cfb1f9aa: /* {"app": "dbt", "dbt_version": "1.8.2", "profile_name": "ecom_profile", "target_name": "dev", "node_id": "test.ecom_dbt.not_null_stg_customers_customer_id.e2cfb1f9aa"} */
select
      count(*) as failures,
      count(*) != 0 as should_warn,
      count(*) != 0 as should_error
    from (
      
    
    



select customer_id
from "ecom_warehouse"."staging_staging"."stg_customers"
where customer_id is null



      
    ) dbt_internal_test
[0m18:41:34.221862 [debug] [Thread-4 (]: On test.ecom_dbt.not_null_stg_order_items_order_id.2063801f96: /* {"app": "dbt", "dbt_version": "1.8.2", "profile_name": "ecom_profile", "target_name": "dev", "node_id": "test.ecom_dbt.not_null_stg_order_items_order_id.2063801f96"} */
select
      count(*) as failures,
      count(*) != 0 as should_warn,
      count(*) != 0 as should_error
    from (
      
    
    



select order_id
from "ecom_warehouse"."staging_staging"."stg_order_items"
where order_id is null



      
    ) dbt_internal_test
[0m18:41:34.222045 [debug] [Thread-3 (]: On test.ecom_dbt.not_null_stg_order_items_line_number.98cc63d226: /* {"app": "dbt", "dbt_version": "1.8.2", "profile_name": "ecom_profile", "target_name": "dev", "node_id": "test.ecom_dbt.not_null_stg_order_items_line_number.98cc63d226"} */
select
      count(*) as failures,
      count(*) != 0 as should_warn,
      count(*) != 0 as should_error
    from (
      
    
    



select line_number
from "ecom_warehouse"."staging_staging"."stg_order_items"
where line_number is null



      
    ) dbt_internal_test
[0m18:41:34.223783 [debug] [Thread-3 (]: Postgres adapter: Postgres error: relation "staging_staging.stg_order_items" does not exist
LINE 14: from "ecom_warehouse"."staging_staging"."stg_order_items"
              ^

[0m18:41:34.224059 [debug] [Thread-2 (]: Postgres adapter: Postgres error: relation "staging_staging.stg_customers" does not exist
LINE 14: from "ecom_warehouse"."staging_staging"."stg_customers"
              ^

[0m18:41:34.224300 [debug] [Thread-1 (]: Postgres adapter: Postgres error: relation "staging_staging.stg_customers" does not exist
LINE 14: from "ecom_warehouse"."staging_staging"."stg_customers"
              ^

[0m18:41:34.224469 [debug] [Thread-4 (]: Postgres adapter: Postgres error: relation "staging_staging.stg_order_items" does not exist
LINE 14: from "ecom_warehouse"."staging_staging"."stg_order_items"
              ^

[0m18:41:34.224706 [debug] [Thread-3 (]: On test.ecom_dbt.not_null_stg_order_items_line_number.98cc63d226: ROLLBACK
[0m18:41:34.224895 [debug] [Thread-2 (]: On test.ecom_dbt.not_null_stg_customers_email.d7cf761533: ROLLBACK
[0m18:41:34.225099 [debug] [Thread-1 (]: On test.ecom_dbt.not_null_stg_customers_customer_id.e2cfb1f9aa: ROLLBACK
[0m18:41:34.225302 [debug] [Thread-4 (]: On test.ecom_dbt.not_null_stg_order_items_order_id.2063801f96: ROLLBACK
[0m18:41:34.227647 [debug] [Thread-1 (]: On test.ecom_dbt.not_null_stg_customers_customer_id.e2cfb1f9aa: Close
[0m18:41:34.227908 [debug] [Thread-2 (]: On test.ecom_dbt.not_null_stg_customers_email.d7cf761533: Close
[0m18:41:34.228099 [debug] [Thread-4 (]: On test.ecom_dbt.not_null_stg_order_items_order_id.2063801f96: Close
[0m18:41:34.228298 [debug] [Thread-3 (]: On test.ecom_dbt.not_null_stg_order_items_line_number.98cc63d226: Close
[0m18:41:34.235715 [debug] [Thread-1 (]: Database Error in test not_null_stg_customers_customer_id (models/staging/schema.yml)
  relation "staging_staging.stg_customers" does not exist
  LINE 14: from "ecom_warehouse"."staging_staging"."stg_customers"
                ^
  compiled code at target/run/ecom_dbt/models/staging/schema.yml/not_null_stg_customers_customer_id.sql
[0m18:41:34.236788 [debug] [Thread-3 (]: Database Error in test not_null_stg_order_items_line_number (models/staging/schema.yml)
  relation "staging_staging.stg_order_items" does not exist
  LINE 14: from "ecom_warehouse"."staging_staging"."stg_order_items"
                ^
  compiled code at target/run/ecom_dbt/models/staging/schema.yml/not_null_stg_order_items_line_number.sql
[0m18:41:34.237438 [debug] [Thread-4 (]: Database Error in test not_null_stg_order_items_order_id (models/staging/schema.yml)
  relation "staging_staging.stg_order_items" does not exist
  LINE 14: from "ecom_warehouse"."staging_staging"."stg_order_items"
                ^
  compiled code at target/run/ecom_dbt/models/staging/schema.yml/not_null_stg_order_items_order_id.sql
[0m18:41:34.238057 [debug] [Thread-2 (]: Database Error in test not_null_stg_customers_email (models/staging/schema.yml)
  relation "staging_staging.stg_customers" does not exist
  LINE 14: from "ecom_warehouse"."staging_staging"."stg_customers"
                ^
  compiled code at target/run/ecom_dbt/models/staging/schema.yml/not_null_stg_customers_email.sql
[0m18:41:34.238367 [error] [Thread-1 (]: 1 of 11 ERROR not_null_stg_customers_customer_id ............................... [[31mERROR[0m in 0.08s]
[0m18:41:34.238655 [error] [Thread-3 (]: 3 of 11 ERROR not_null_stg_order_items_line_number ............................. [[31mERROR[0m in 0.08s]
[0m18:41:34.238903 [error] [Thread-4 (]: 4 of 11 ERROR not_null_stg_order_items_order_id ................................ [[31mERROR[0m in 0.08s]
[0m18:41:34.239136 [error] [Thread-2 (]: 2 of 11 ERROR not_null_stg_customers_email ..................................... [[31mERROR[0m in 0.08s]
[0m18:41:34.239464 [debug] [Thread-1 (]: Finished running node test.ecom_dbt.not_null_stg_customers_customer_id.e2cfb1f9aa
[0m18:41:34.239720 [debug] [Thread-3 (]: Finished running node test.ecom_dbt.not_null_stg_order_items_line_number.98cc63d226
[0m18:41:34.239946 [debug] [Thread-4 (]: Finished running node test.ecom_dbt.not_null_stg_order_items_order_id.2063801f96
[0m18:41:34.240165 [debug] [Thread-2 (]: Finished running node test.ecom_dbt.not_null_stg_customers_email.d7cf761533
[0m18:41:34.240376 [debug] [Thread-1 (]: Began running node test.ecom_dbt.not_null_stg_orders_customer_id.af79d5e4b5
[0m18:41:34.240924 [debug] [Thread-3 (]: Began running node test.ecom_dbt.not_null_stg_orders_order_id.81cfe2fe64
[0m18:41:34.241156 [debug] [Thread-4 (]: Began running node test.ecom_dbt.not_null_stg_products_price.2d147627d4
[0m18:41:34.241377 [debug] [Thread-2 (]: Began running node test.ecom_dbt.not_null_stg_products_product_id.6373b0acf3
[0m18:41:34.241570 [info ] [Thread-1 (]: 5 of 11 START test not_null_stg_orders_customer_id ............................. [RUN]
[0m18:41:34.241756 [info ] [Thread-3 (]: 6 of 11 START test not_null_stg_orders_order_id ................................ [RUN]
[0m18:41:34.241940 [info ] [Thread-4 (]: 7 of 11 START test not_null_stg_products_price ................................. [RUN]
[0m18:41:34.242114 [info ] [Thread-2 (]: 8 of 11 START test not_null_stg_products_product_id ............................ [RUN]
[0m18:41:34.242344 [debug] [Thread-1 (]: Re-using an available connection from the pool (formerly test.ecom_dbt.not_null_stg_customers_customer_id.e2cfb1f9aa, now test.ecom_dbt.not_null_stg_orders_customer_id.af79d5e4b5)
[0m18:41:34.242604 [debug] [Thread-3 (]: Re-using an available connection from the pool (formerly test.ecom_dbt.not_null_stg_order_items_line_number.98cc63d226, now test.ecom_dbt.not_null_stg_orders_order_id.81cfe2fe64)
[0m18:41:34.242779 [debug] [Thread-4 (]: Re-using an available connection from the pool (formerly test.ecom_dbt.not_null_stg_order_items_order_id.2063801f96, now test.ecom_dbt.not_null_stg_products_price.2d147627d4)
[0m18:41:34.242977 [debug] [Thread-2 (]: Re-using an available connection from the pool (formerly test.ecom_dbt.not_null_stg_customers_email.d7cf761533, now test.ecom_dbt.not_null_stg_products_product_id.6373b0acf3)
[0m18:41:34.243139 [debug] [Thread-1 (]: Began compiling node test.ecom_dbt.not_null_stg_orders_customer_id.af79d5e4b5
[0m18:41:34.243291 [debug] [Thread-3 (]: Began compiling node test.ecom_dbt.not_null_stg_orders_order_id.81cfe2fe64
[0m18:41:34.243433 [debug] [Thread-4 (]: Began compiling node test.ecom_dbt.not_null_stg_products_price.2d147627d4
[0m18:41:34.243571 [debug] [Thread-2 (]: Began compiling node test.ecom_dbt.not_null_stg_products_product_id.6373b0acf3
[0m18:41:34.245750 [debug] [Thread-1 (]: Writing injected SQL for node "test.ecom_dbt.not_null_stg_orders_customer_id.af79d5e4b5"
[0m18:41:34.247669 [debug] [Thread-3 (]: Writing injected SQL for node "test.ecom_dbt.not_null_stg_orders_order_id.81cfe2fe64"
[0m18:41:34.250289 [debug] [Thread-4 (]: Writing injected SQL for node "test.ecom_dbt.not_null_stg_products_price.2d147627d4"
[0m18:41:34.252181 [debug] [Thread-2 (]: Writing injected SQL for node "test.ecom_dbt.not_null_stg_products_product_id.6373b0acf3"
[0m18:41:34.252653 [debug] [Thread-1 (]: Began executing node test.ecom_dbt.not_null_stg_orders_customer_id.af79d5e4b5
[0m18:41:34.253890 [debug] [Thread-1 (]: Writing runtime sql for node "test.ecom_dbt.not_null_stg_orders_customer_id.af79d5e4b5"
[0m18:41:34.254067 [debug] [Thread-3 (]: Began executing node test.ecom_dbt.not_null_stg_orders_order_id.81cfe2fe64
[0m18:41:34.255273 [debug] [Thread-3 (]: Writing runtime sql for node "test.ecom_dbt.not_null_stg_orders_order_id.81cfe2fe64"
[0m18:41:34.255509 [debug] [Thread-4 (]: Began executing node test.ecom_dbt.not_null_stg_products_price.2d147627d4
[0m18:41:34.255701 [debug] [Thread-2 (]: Began executing node test.ecom_dbt.not_null_stg_products_product_id.6373b0acf3
[0m18:41:34.256843 [debug] [Thread-4 (]: Writing runtime sql for node "test.ecom_dbt.not_null_stg_products_price.2d147627d4"
[0m18:41:34.258373 [debug] [Thread-2 (]: Writing runtime sql for node "test.ecom_dbt.not_null_stg_products_product_id.6373b0acf3"
[0m18:41:34.258668 [debug] [Thread-1 (]: Using postgres connection "test.ecom_dbt.not_null_stg_orders_customer_id.af79d5e4b5"
[0m18:41:34.258877 [debug] [Thread-3 (]: Using postgres connection "test.ecom_dbt.not_null_stg_orders_order_id.81cfe2fe64"
[0m18:41:34.259274 [debug] [Thread-4 (]: Using postgres connection "test.ecom_dbt.not_null_stg_products_price.2d147627d4"
[0m18:41:34.259522 [debug] [Thread-1 (]: On test.ecom_dbt.not_null_stg_orders_customer_id.af79d5e4b5: BEGIN
[0m18:41:34.259748 [debug] [Thread-3 (]: On test.ecom_dbt.not_null_stg_orders_order_id.81cfe2fe64: BEGIN
[0m18:41:34.259945 [debug] [Thread-2 (]: Using postgres connection "test.ecom_dbt.not_null_stg_products_product_id.6373b0acf3"
[0m18:41:34.260135 [debug] [Thread-4 (]: On test.ecom_dbt.not_null_stg_products_price.2d147627d4: BEGIN
[0m18:41:34.260330 [debug] [Thread-1 (]: Opening a new connection, currently in state closed
[0m18:41:34.260544 [debug] [Thread-3 (]: Opening a new connection, currently in state closed
[0m18:41:34.260791 [debug] [Thread-2 (]: On test.ecom_dbt.not_null_stg_products_product_id.6373b0acf3: BEGIN
[0m18:41:34.261011 [debug] [Thread-4 (]: Opening a new connection, currently in state closed
[0m18:41:34.261417 [debug] [Thread-2 (]: Opening a new connection, currently in state closed
[0m18:41:34.279867 [debug] [Thread-3 (]: SQL status: BEGIN in 0.019 seconds
[0m18:41:34.280284 [debug] [Thread-1 (]: SQL status: BEGIN in 0.020 seconds
[0m18:41:34.280558 [debug] [Thread-3 (]: Using postgres connection "test.ecom_dbt.not_null_stg_orders_order_id.81cfe2fe64"
[0m18:41:34.280757 [debug] [Thread-1 (]: Using postgres connection "test.ecom_dbt.not_null_stg_orders_customer_id.af79d5e4b5"
[0m18:41:34.281197 [debug] [Thread-1 (]: On test.ecom_dbt.not_null_stg_orders_customer_id.af79d5e4b5: /* {"app": "dbt", "dbt_version": "1.8.2", "profile_name": "ecom_profile", "target_name": "dev", "node_id": "test.ecom_dbt.not_null_stg_orders_customer_id.af79d5e4b5"} */
select
      count(*) as failures,
      count(*) != 0 as should_warn,
      count(*) != 0 as should_error
    from (
      
    
    



select customer_id
from "ecom_warehouse"."staging_staging"."stg_orders"
where customer_id is null



      
    ) dbt_internal_test
[0m18:41:34.280980 [debug] [Thread-3 (]: On test.ecom_dbt.not_null_stg_orders_order_id.81cfe2fe64: /* {"app": "dbt", "dbt_version": "1.8.2", "profile_name": "ecom_profile", "target_name": "dev", "node_id": "test.ecom_dbt.not_null_stg_orders_order_id.81cfe2fe64"} */
select
      count(*) as failures,
      count(*) != 0 as should_warn,
      count(*) != 0 as should_error
    from (
      
    
    



select order_id
from "ecom_warehouse"."staging_staging"."stg_orders"
where order_id is null



      
    ) dbt_internal_test
[0m18:41:34.283982 [debug] [Thread-3 (]: Postgres adapter: Postgres error: relation "staging_staging.stg_orders" does not exist
LINE 14: from "ecom_warehouse"."staging_staging"."stg_orders"
              ^

[0m18:41:34.284402 [debug] [Thread-3 (]: On test.ecom_dbt.not_null_stg_orders_order_id.81cfe2fe64: ROLLBACK
[0m18:41:34.285358 [debug] [Thread-1 (]: Postgres adapter: Postgres error: relation "staging_staging.stg_orders" does not exist
LINE 14: from "ecom_warehouse"."staging_staging"."stg_orders"
              ^

[0m18:41:34.285556 [debug] [Thread-1 (]: On test.ecom_dbt.not_null_stg_orders_customer_id.af79d5e4b5: ROLLBACK
[0m18:41:34.286263 [debug] [Thread-4 (]: SQL status: BEGIN in 0.025 seconds
[0m18:41:34.287373 [debug] [Thread-4 (]: Using postgres connection "test.ecom_dbt.not_null_stg_products_price.2d147627d4"
[0m18:41:34.287560 [debug] [Thread-4 (]: On test.ecom_dbt.not_null_stg_products_price.2d147627d4: /* {"app": "dbt", "dbt_version": "1.8.2", "profile_name": "ecom_profile", "target_name": "dev", "node_id": "test.ecom_dbt.not_null_stg_products_price.2d147627d4"} */
select
      count(*) as failures,
      count(*) != 0 as should_warn,
      count(*) != 0 as should_error
    from (
      
    
    



select price
from "ecom_warehouse"."staging_staging"."stg_products"
where price is null



      
    ) dbt_internal_test
[0m18:41:34.287781 [debug] [Thread-3 (]: On test.ecom_dbt.not_null_stg_orders_order_id.81cfe2fe64: Close
[0m18:41:34.287984 [debug] [Thread-1 (]: On test.ecom_dbt.not_null_stg_orders_customer_id.af79d5e4b5: Close
[0m18:41:34.289438 [debug] [Thread-4 (]: Postgres adapter: Postgres error: relation "staging_staging.stg_products" does not exist
LINE 14: from "ecom_warehouse"."staging_staging"."stg_products"
              ^

[0m18:41:34.289621 [debug] [Thread-2 (]: SQL status: BEGIN in 0.028 seconds
[0m18:41:34.289945 [debug] [Thread-4 (]: On test.ecom_dbt.not_null_stg_products_price.2d147627d4: ROLLBACK
[0m18:41:34.290412 [debug] [Thread-2 (]: Using postgres connection "test.ecom_dbt.not_null_stg_products_product_id.6373b0acf3"
[0m18:41:34.291157 [debug] [Thread-1 (]: Database Error in test not_null_stg_orders_customer_id (models/staging/schema.yml)
  relation "staging_staging.stg_orders" does not exist
  LINE 14: from "ecom_warehouse"."staging_staging"."stg_orders"
                ^
  compiled code at target/run/ecom_dbt/models/staging/schema.yml/not_null_stg_orders_customer_id.sql
[0m18:41:34.291867 [debug] [Thread-3 (]: Database Error in test not_null_stg_orders_order_id (models/staging/schema.yml)
  relation "staging_staging.stg_orders" does not exist
  LINE 14: from "ecom_warehouse"."staging_staging"."stg_orders"
                ^
  compiled code at target/run/ecom_dbt/models/staging/schema.yml/not_null_stg_orders_order_id.sql
[0m18:41:34.292292 [debug] [Thread-2 (]: On test.ecom_dbt.not_null_stg_products_product_id.6373b0acf3: /* {"app": "dbt", "dbt_version": "1.8.2", "profile_name": "ecom_profile", "target_name": "dev", "node_id": "test.ecom_dbt.not_null_stg_products_product_id.6373b0acf3"} */
select
      count(*) as failures,
      count(*) != 0 as should_warn,
      count(*) != 0 as should_error
    from (
      
    
    



select product_id
from "ecom_warehouse"."staging_staging"."stg_products"
where product_id is null



      
    ) dbt_internal_test
[0m18:41:34.292855 [debug] [Thread-4 (]: On test.ecom_dbt.not_null_stg_products_price.2d147627d4: Close
[0m18:41:34.292654 [error] [Thread-1 (]: 5 of 11 ERROR not_null_stg_orders_customer_id .................................. [[31mERROR[0m in 0.05s]
[0m18:41:34.293182 [error] [Thread-3 (]: 6 of 11 ERROR not_null_stg_orders_order_id ..................................... [[31mERROR[0m in 0.05s]
[0m18:41:34.293670 [debug] [Thread-1 (]: Finished running node test.ecom_dbt.not_null_stg_orders_customer_id.af79d5e4b5
[0m18:41:34.294582 [debug] [Thread-2 (]: Postgres adapter: Postgres error: relation "staging_staging.stg_products" does not exist
LINE 14: from "ecom_warehouse"."staging_staging"."stg_products"
              ^

[0m18:41:34.295009 [debug] [Thread-3 (]: Finished running node test.ecom_dbt.not_null_stg_orders_order_id.81cfe2fe64
[0m18:41:34.295395 [debug] [Thread-1 (]: Began running node test.ecom_dbt.unique_stg_customers_customer_id.c7614daada
[0m18:41:34.296125 [debug] [Thread-4 (]: Database Error in test not_null_stg_products_price (models/staging/schema.yml)
  relation "staging_staging.stg_products" does not exist
  LINE 14: from "ecom_warehouse"."staging_staging"."stg_products"
                ^
  compiled code at target/run/ecom_dbt/models/staging/schema.yml/not_null_stg_products_price.sql
[0m18:41:34.296489 [debug] [Thread-2 (]: On test.ecom_dbt.not_null_stg_products_product_id.6373b0acf3: ROLLBACK
[0m18:41:34.296822 [debug] [Thread-3 (]: Began running node test.ecom_dbt.unique_stg_orders_order_id.e3b841c71a
[0m18:41:34.297083 [info ] [Thread-1 (]: 9 of 11 START test unique_stg_customers_customer_id ............................ [RUN]
[0m18:41:34.297426 [error] [Thread-4 (]: 7 of 11 ERROR not_null_stg_products_price ...................................... [[31mERROR[0m in 0.05s]
[0m18:41:34.297679 [info ] [Thread-3 (]: 10 of 11 START test unique_stg_orders_order_id ................................. [RUN]
[0m18:41:34.297966 [debug] [Thread-1 (]: Re-using an available connection from the pool (formerly test.ecom_dbt.not_null_stg_orders_customer_id.af79d5e4b5, now test.ecom_dbt.unique_stg_customers_customer_id.c7614daada)
[0m18:41:34.298358 [debug] [Thread-4 (]: Finished running node test.ecom_dbt.not_null_stg_products_price.2d147627d4
[0m18:41:34.298609 [debug] [Thread-2 (]: On test.ecom_dbt.not_null_stg_products_product_id.6373b0acf3: Close
[0m18:41:34.298820 [debug] [Thread-3 (]: Re-using an available connection from the pool (formerly test.ecom_dbt.not_null_stg_orders_order_id.81cfe2fe64, now test.ecom_dbt.unique_stg_orders_order_id.e3b841c71a)
[0m18:41:34.299029 [debug] [Thread-1 (]: Began compiling node test.ecom_dbt.unique_stg_customers_customer_id.c7614daada
[0m18:41:34.299236 [debug] [Thread-4 (]: Began running node test.ecom_dbt.unique_stg_products_product_id.7d950a1467
[0m18:41:34.300106 [debug] [Thread-3 (]: Began compiling node test.ecom_dbt.unique_stg_orders_order_id.e3b841c71a
[0m18:41:34.304567 [debug] [Thread-1 (]: Writing injected SQL for node "test.ecom_dbt.unique_stg_customers_customer_id.c7614daada"
[0m18:41:34.304904 [info ] [Thread-4 (]: 11 of 11 START test unique_stg_products_product_id ............................. [RUN]
[0m18:41:34.307060 [debug] [Thread-3 (]: Writing injected SQL for node "test.ecom_dbt.unique_stg_orders_order_id.e3b841c71a"
[0m18:41:34.307845 [debug] [Thread-2 (]: Database Error in test not_null_stg_products_product_id (models/staging/schema.yml)
  relation "staging_staging.stg_products" does not exist
  LINE 14: from "ecom_warehouse"."staging_staging"."stg_products"
                ^
  compiled code at target/run/ecom_dbt/models/staging/schema.yml/not_null_stg_products_product_id.sql
[0m18:41:34.308258 [debug] [Thread-4 (]: Re-using an available connection from the pool (formerly test.ecom_dbt.not_null_stg_products_price.2d147627d4, now test.ecom_dbt.unique_stg_products_product_id.7d950a1467)
[0m18:41:34.308620 [error] [Thread-2 (]: 8 of 11 ERROR not_null_stg_products_product_id ................................. [[31mERROR[0m in 0.07s]
[0m18:41:34.308823 [debug] [Thread-1 (]: Began executing node test.ecom_dbt.unique_stg_customers_customer_id.c7614daada
[0m18:41:34.309084 [debug] [Thread-4 (]: Began compiling node test.ecom_dbt.unique_stg_products_product_id.7d950a1467
[0m18:41:34.309276 [debug] [Thread-3 (]: Began executing node test.ecom_dbt.unique_stg_orders_order_id.e3b841c71a
[0m18:41:34.309597 [debug] [Thread-2 (]: Finished running node test.ecom_dbt.not_null_stg_products_product_id.6373b0acf3
[0m18:41:34.310877 [debug] [Thread-1 (]: Writing runtime sql for node "test.ecom_dbt.unique_stg_customers_customer_id.c7614daada"
[0m18:41:34.313000 [debug] [Thread-4 (]: Writing injected SQL for node "test.ecom_dbt.unique_stg_products_product_id.7d950a1467"
[0m18:41:34.314267 [debug] [Thread-3 (]: Writing runtime sql for node "test.ecom_dbt.unique_stg_orders_order_id.e3b841c71a"
[0m18:41:34.315058 [debug] [Thread-1 (]: Using postgres connection "test.ecom_dbt.unique_stg_customers_customer_id.c7614daada"
[0m18:41:34.315293 [debug] [Thread-4 (]: Began executing node test.ecom_dbt.unique_stg_products_product_id.7d950a1467
[0m18:41:34.315518 [debug] [Thread-1 (]: On test.ecom_dbt.unique_stg_customers_customer_id.c7614daada: BEGIN
[0m18:41:34.315688 [debug] [Thread-3 (]: Using postgres connection "test.ecom_dbt.unique_stg_orders_order_id.e3b841c71a"
[0m18:41:34.316982 [debug] [Thread-4 (]: Writing runtime sql for node "test.ecom_dbt.unique_stg_products_product_id.7d950a1467"
[0m18:41:34.317286 [debug] [Thread-1 (]: Opening a new connection, currently in state closed
[0m18:41:34.317493 [debug] [Thread-3 (]: On test.ecom_dbt.unique_stg_orders_order_id.e3b841c71a: BEGIN
[0m18:41:34.317914 [debug] [Thread-3 (]: Opening a new connection, currently in state closed
[0m18:41:34.318216 [debug] [Thread-4 (]: Using postgres connection "test.ecom_dbt.unique_stg_products_product_id.7d950a1467"
[0m18:41:34.318390 [debug] [Thread-4 (]: On test.ecom_dbt.unique_stg_products_product_id.7d950a1467: BEGIN
[0m18:41:34.318526 [debug] [Thread-4 (]: Opening a new connection, currently in state closed
[0m18:41:34.327349 [debug] [Thread-1 (]: SQL status: BEGIN in 0.010 seconds
[0m18:41:34.327643 [debug] [Thread-3 (]: SQL status: BEGIN in 0.010 seconds
[0m18:41:34.327925 [debug] [Thread-1 (]: Using postgres connection "test.ecom_dbt.unique_stg_customers_customer_id.c7614daada"
[0m18:41:34.328187 [debug] [Thread-3 (]: Using postgres connection "test.ecom_dbt.unique_stg_orders_order_id.e3b841c71a"
[0m18:41:34.328432 [debug] [Thread-1 (]: On test.ecom_dbt.unique_stg_customers_customer_id.c7614daada: /* {"app": "dbt", "dbt_version": "1.8.2", "profile_name": "ecom_profile", "target_name": "dev", "node_id": "test.ecom_dbt.unique_stg_customers_customer_id.c7614daada"} */
select
      count(*) as failures,
      count(*) != 0 as should_warn,
      count(*) != 0 as should_error
    from (
      
    
    

select
    customer_id as unique_field,
    count(*) as n_records

from "ecom_warehouse"."staging_staging"."stg_customers"
where customer_id is not null
group by customer_id
having count(*) > 1



      
    ) dbt_internal_test
[0m18:41:34.328705 [debug] [Thread-3 (]: On test.ecom_dbt.unique_stg_orders_order_id.e3b841c71a: /* {"app": "dbt", "dbt_version": "1.8.2", "profile_name": "ecom_profile", "target_name": "dev", "node_id": "test.ecom_dbt.unique_stg_orders_order_id.e3b841c71a"} */
select
      count(*) as failures,
      count(*) != 0 as should_warn,
      count(*) != 0 as should_error
    from (
      
    
    

select
    order_id as unique_field,
    count(*) as n_records

from "ecom_warehouse"."staging_staging"."stg_orders"
where order_id is not null
group by order_id
having count(*) > 1



      
    ) dbt_internal_test
[0m18:41:34.329548 [debug] [Thread-3 (]: Postgres adapter: Postgres error: relation "staging_staging.stg_orders" does not exist
LINE 15: from "ecom_warehouse"."staging_staging"."stg_orders"
              ^

[0m18:41:34.329741 [debug] [Thread-1 (]: Postgres adapter: Postgres error: relation "staging_staging.stg_customers" does not exist
LINE 15: from "ecom_warehouse"."staging_staging"."stg_customers"
              ^

[0m18:41:34.329963 [debug] [Thread-3 (]: On test.ecom_dbt.unique_stg_orders_order_id.e3b841c71a: ROLLBACK
[0m18:41:34.330214 [debug] [Thread-1 (]: On test.ecom_dbt.unique_stg_customers_customer_id.c7614daada: ROLLBACK
[0m18:41:34.331088 [debug] [Thread-3 (]: On test.ecom_dbt.unique_stg_orders_order_id.e3b841c71a: Close
[0m18:41:34.331301 [debug] [Thread-1 (]: On test.ecom_dbt.unique_stg_customers_customer_id.c7614daada: Close
[0m18:41:34.333482 [debug] [Thread-3 (]: Database Error in test unique_stg_orders_order_id (models/staging/schema.yml)
  relation "staging_staging.stg_orders" does not exist
  LINE 15: from "ecom_warehouse"."staging_staging"."stg_orders"
                ^
  compiled code at target/run/ecom_dbt/models/staging/schema.yml/unique_stg_orders_order_id.sql
[0m18:41:34.333806 [debug] [Thread-4 (]: SQL status: BEGIN in 0.015 seconds
[0m18:41:34.334934 [error] [Thread-3 (]: 10 of 11 ERROR unique_stg_orders_order_id ...................................... [[31mERROR[0m in 0.04s]
[0m18:41:34.335301 [debug] [Thread-4 (]: Using postgres connection "test.ecom_dbt.unique_stg_products_product_id.7d950a1467"
[0m18:41:34.335776 [debug] [Thread-3 (]: Finished running node test.ecom_dbt.unique_stg_orders_order_id.e3b841c71a
[0m18:41:34.336563 [debug] [Thread-1 (]: Database Error in test unique_stg_customers_customer_id (models/staging/schema.yml)
  relation "staging_staging.stg_customers" does not exist
  LINE 15: from "ecom_warehouse"."staging_staging"."stg_customers"
                ^
  compiled code at target/run/ecom_dbt/models/staging/schema.yml/unique_stg_customers_customer_id.sql
[0m18:41:34.336866 [debug] [Thread-4 (]: On test.ecom_dbt.unique_stg_products_product_id.7d950a1467: /* {"app": "dbt", "dbt_version": "1.8.2", "profile_name": "ecom_profile", "target_name": "dev", "node_id": "test.ecom_dbt.unique_stg_products_product_id.7d950a1467"} */
select
      count(*) as failures,
      count(*) != 0 as should_warn,
      count(*) != 0 as should_error
    from (
      
    
    

select
    product_id as unique_field,
    count(*) as n_records

from "ecom_warehouse"."staging_staging"."stg_products"
where product_id is not null
group by product_id
having count(*) > 1



      
    ) dbt_internal_test
[0m18:41:34.337359 [error] [Thread-1 (]: 9 of 11 ERROR unique_stg_customers_customer_id ................................. [[31mERROR[0m in 0.04s]
[0m18:41:34.337751 [debug] [Thread-1 (]: Finished running node test.ecom_dbt.unique_stg_customers_customer_id.c7614daada
[0m18:41:34.338485 [debug] [Thread-4 (]: Postgres adapter: Postgres error: relation "staging_staging.stg_products" does not exist
LINE 15: from "ecom_warehouse"."staging_staging"."stg_products"
              ^

[0m18:41:34.338679 [debug] [Thread-4 (]: On test.ecom_dbt.unique_stg_products_product_id.7d950a1467: ROLLBACK
[0m18:41:34.339478 [debug] [Thread-4 (]: On test.ecom_dbt.unique_stg_products_product_id.7d950a1467: Close
[0m18:41:34.340923 [debug] [Thread-4 (]: Database Error in test unique_stg_products_product_id (models/staging/schema.yml)
  relation "staging_staging.stg_products" does not exist
  LINE 15: from "ecom_warehouse"."staging_staging"."stg_products"
                ^
  compiled code at target/run/ecom_dbt/models/staging/schema.yml/unique_stg_products_product_id.sql
[0m18:41:34.341237 [error] [Thread-4 (]: 11 of 11 ERROR unique_stg_products_product_id .................................. [[31mERROR[0m in 0.03s]
[0m18:41:34.341537 [debug] [Thread-4 (]: Finished running node test.ecom_dbt.unique_stg_products_product_id.7d950a1467
[0m18:41:34.342415 [debug] [MainThread]: Using postgres connection "master"
[0m18:41:34.342547 [debug] [MainThread]: On master: BEGIN
[0m18:41:34.342664 [debug] [MainThread]: Opening a new connection, currently in state closed
[0m18:41:34.352514 [debug] [MainThread]: SQL status: BEGIN in 0.010 seconds
[0m18:41:34.352766 [debug] [MainThread]: On master: COMMIT
[0m18:41:34.352896 [debug] [MainThread]: Using postgres connection "master"
[0m18:41:34.353183 [debug] [MainThread]: On master: COMMIT
[0m18:41:34.354117 [debug] [MainThread]: SQL status: COMMIT in 0.001 seconds
[0m18:41:34.354361 [debug] [MainThread]: On master: Close
[0m18:41:34.354619 [debug] [MainThread]: Connection 'master' was properly closed.
[0m18:41:34.354758 [debug] [MainThread]: Connection 'test.ecom_dbt.unique_stg_customers_customer_id.c7614daada' was properly closed.
[0m18:41:34.354967 [debug] [MainThread]: Connection 'test.ecom_dbt.not_null_stg_products_product_id.6373b0acf3' was properly closed.
[0m18:41:34.355179 [debug] [MainThread]: Connection 'test.ecom_dbt.unique_stg_orders_order_id.e3b841c71a' was properly closed.
[0m18:41:34.355303 [debug] [MainThread]: Connection 'test.ecom_dbt.unique_stg_products_product_id.7d950a1467' was properly closed.
[0m18:41:34.355502 [info ] [MainThread]: 
[0m18:41:34.355661 [info ] [MainThread]: Finished running 11 data tests in 0 hours 0 minutes and 0.32 seconds (0.32s).
[0m18:41:34.357103 [debug] [MainThread]: Command end result
[0m18:41:34.418109 [info ] [MainThread]: 
[0m18:41:34.418402 [info ] [MainThread]: [31mCompleted with 11 errors and 0 warnings:[0m
[0m18:41:34.418553 [info ] [MainThread]: 
[0m18:41:34.418744 [error] [MainThread]:   Database Error in test not_null_stg_customers_customer_id (models/staging/schema.yml)
  relation "staging_staging.stg_customers" does not exist
  LINE 14: from "ecom_warehouse"."staging_staging"."stg_customers"
                ^
  compiled code at target/run/ecom_dbt/models/staging/schema.yml/not_null_stg_customers_customer_id.sql
[0m18:41:34.418885 [info ] [MainThread]: 
[0m18:41:34.419037 [error] [MainThread]:   Database Error in test not_null_stg_order_items_line_number (models/staging/schema.yml)
  relation "staging_staging.stg_order_items" does not exist
  LINE 14: from "ecom_warehouse"."staging_staging"."stg_order_items"
                ^
  compiled code at target/run/ecom_dbt/models/staging/schema.yml/not_null_stg_order_items_line_number.sql
[0m18:41:34.419162 [info ] [MainThread]: 
[0m18:41:34.419305 [error] [MainThread]:   Database Error in test not_null_stg_order_items_order_id (models/staging/schema.yml)
  relation "staging_staging.stg_order_items" does not exist
  LINE 14: from "ecom_warehouse"."staging_staging"."stg_order_items"
                ^
  compiled code at target/run/ecom_dbt/models/staging/schema.yml/not_null_stg_order_items_order_id.sql
[0m18:41:34.419430 [info ] [MainThread]: 
[0m18:41:34.419577 [error] [MainThread]:   Database Error in test not_null_stg_customers_email (models/staging/schema.yml)
  relation "staging_staging.stg_customers" does not exist
  LINE 14: from "ecom_warehouse"."staging_staging"."stg_customers"
                ^
  compiled code at target/run/ecom_dbt/models/staging/schema.yml/not_null_stg_customers_email.sql
[0m18:41:34.419694 [info ] [MainThread]: 
[0m18:41:34.419833 [error] [MainThread]:   Database Error in test not_null_stg_orders_customer_id (models/staging/schema.yml)
  relation "staging_staging.stg_orders" does not exist
  LINE 14: from "ecom_warehouse"."staging_staging"."stg_orders"
                ^
  compiled code at target/run/ecom_dbt/models/staging/schema.yml/not_null_stg_orders_customer_id.sql
[0m18:41:34.419947 [info ] [MainThread]: 
[0m18:41:34.420090 [error] [MainThread]:   Database Error in test not_null_stg_orders_order_id (models/staging/schema.yml)
  relation "staging_staging.stg_orders" does not exist
  LINE 14: from "ecom_warehouse"."staging_staging"."stg_orders"
                ^
  compiled code at target/run/ecom_dbt/models/staging/schema.yml/not_null_stg_orders_order_id.sql
[0m18:41:34.420206 [info ] [MainThread]: 
[0m18:41:34.420351 [error] [MainThread]:   Database Error in test not_null_stg_products_price (models/staging/schema.yml)
  relation "staging_staging.stg_products" does not exist
  LINE 14: from "ecom_warehouse"."staging_staging"."stg_products"
                ^
  compiled code at target/run/ecom_dbt/models/staging/schema.yml/not_null_stg_products_price.sql
[0m18:41:34.420484 [info ] [MainThread]: 
[0m18:41:34.420631 [error] [MainThread]:   Database Error in test not_null_stg_products_product_id (models/staging/schema.yml)
  relation "staging_staging.stg_products" does not exist
  LINE 14: from "ecom_warehouse"."staging_staging"."stg_products"
                ^
  compiled code at target/run/ecom_dbt/models/staging/schema.yml/not_null_stg_products_product_id.sql
[0m18:41:34.420752 [info ] [MainThread]: 
[0m18:41:34.420895 [error] [MainThread]:   Database Error in test unique_stg_orders_order_id (models/staging/schema.yml)
  relation "staging_staging.stg_orders" does not exist
  LINE 15: from "ecom_warehouse"."staging_staging"."stg_orders"
                ^
  compiled code at target/run/ecom_dbt/models/staging/schema.yml/unique_stg_orders_order_id.sql
[0m18:41:34.421016 [info ] [MainThread]: 
[0m18:41:34.421154 [error] [MainThread]:   Database Error in test unique_stg_customers_customer_id (models/staging/schema.yml)
  relation "staging_staging.stg_customers" does not exist
  LINE 15: from "ecom_warehouse"."staging_staging"."stg_customers"
                ^
  compiled code at target/run/ecom_dbt/models/staging/schema.yml/unique_stg_customers_customer_id.sql
[0m18:41:34.421269 [info ] [MainThread]: 
[0m18:41:34.421408 [error] [MainThread]:   Database Error in test unique_stg_products_product_id (models/staging/schema.yml)
  relation "staging_staging.stg_products" does not exist
  LINE 15: from "ecom_warehouse"."staging_staging"."stg_products"
                ^
  compiled code at target/run/ecom_dbt/models/staging/schema.yml/unique_stg_products_product_id.sql
[0m18:41:34.421531 [info ] [MainThread]: 
[0m18:41:34.421670 [info ] [MainThread]: Done. PASS=0 WARN=0 ERROR=11 SKIP=0 TOTAL=11
[0m18:41:34.423826 [debug] [MainThread]: Resource report: {"command_name": "test", "command_wall_clock_time": 0.7542985, "process_user_time": 1.27313, "process_kernel_time": 0.281551, "process_mem_max_rss": "127336448", "command_success": false, "process_in_blocks": "0", "process_out_blocks": "0"}
[0m18:41:34.424204 [debug] [MainThread]: Command `dbt test` failed at 18:41:34.424149 after 0.75 seconds
[0m18:41:34.424445 [debug] [MainThread]: Sending event: {'category': 'dbt', 'action': 'invocation', 'label': 'end', 'context': [<snowplow_tracker.self_describing_json.SelfDescribingJson object at 0x104b0f8d0>, <snowplow_tracker.self_describing_json.SelfDescribingJson object at 0x10ab286d0>, <snowplow_tracker.self_describing_json.SelfDescribingJson object at 0x10ab2a4d0>]}
[0m18:41:34.424688 [debug] [MainThread]: Flushing usage events
[0m18:47:04.170502 [debug] [MainThread]: Sending event: {'category': 'dbt', 'action': 'invocation', 'label': 'start', 'context': [<snowplow_tracker.self_describing_json.SelfDescribingJson object at 0x1097fd150>, <snowplow_tracker.self_describing_json.SelfDescribingJson object at 0x109835410>, <snowplow_tracker.self_describing_json.SelfDescribingJson object at 0x1098759d0>]}


============================== 18:47:04.174707 | 823d3b5f-9994-417b-9ac8-110e15d8cedd ==============================
[0m18:47:04.174707 [info ] [MainThread]: Running with dbt=1.8.2
[0m18:47:04.175095 [debug] [MainThread]: running dbt with arguments {'printer_width': '80', 'indirect_selection': 'eager', 'log_cache_events': 'False', 'write_json': 'True', 'partial_parse': 'True', 'cache_selected_only': 'False', 'warn_error': 'None', 'version_check': 'True', 'profiles_dir': '/Users/ivan/downloads/de-ecommerce-warehouse/dbt', 'log_path': 'dbt/logs', 'fail_fast': 'False', 'debug': 'False', 'use_colors': 'True', 'use_experimental_parser': 'False', 'no_print': 'None', 'quiet': 'False', 'log_format': 'default', 'introspect': 'True', 'warn_error_options': 'WarnErrorOptions(include=[], exclude=[])', 'invocation_command': 'dbt run --project-dir dbt --select stg_customers stg_orders stg_order_items stg_products', 'target_path': 'None', 'static_parser': 'True', 'send_anonymous_usage_stats': 'True'}
[0m18:47:04.274398 [debug] [MainThread]: Sending event: {'category': 'dbt', 'action': 'project_id', 'label': '823d3b5f-9994-417b-9ac8-110e15d8cedd', 'context': [<snowplow_tracker.self_describing_json.SelfDescribingJson object at 0x109daac90>]}
[0m18:47:04.300565 [debug] [MainThread]: Sending event: {'category': 'dbt', 'action': 'adapter_info', 'label': '823d3b5f-9994-417b-9ac8-110e15d8cedd', 'context': [<snowplow_tracker.self_describing_json.SelfDescribingJson object at 0x106f24950>]}
[0m18:47:04.301327 [info ] [MainThread]: Registered adapter: postgres=1.8.2
[0m18:47:04.367660 [debug] [MainThread]: checksum: f0a141b9de567cb7f131613ba2682f40b3a1c6a157f81c6e5435862eff68f109, vars: {}, profile: , target: , version: 1.8.2
[0m18:47:04.444409 [debug] [MainThread]: Partial parsing enabled: 0 files deleted, 0 files added, 8 files changed.
[0m18:47:04.444856 [debug] [MainThread]: Partial parsing: updated file: ecom_dbt://models/marts/fct_order_items.sql
[0m18:47:04.445117 [debug] [MainThread]: Partial parsing: updated file: ecom_dbt://models/staging/stg_customers.sql
[0m18:47:04.445308 [debug] [MainThread]: Partial parsing: updated file: ecom_dbt://models/marts/dim_product.sql
[0m18:47:04.445482 [debug] [MainThread]: Partial parsing: updated file: ecom_dbt://models/marts/dim_customer.sql
[0m18:47:04.445680 [debug] [MainThread]: Partial parsing: updated file: ecom_dbt://models/staging/stg_products.sql
[0m18:47:04.445876 [debug] [MainThread]: Partial parsing: updated file: ecom_dbt://models/staging/stg_order_items.sql
[0m18:47:04.446065 [debug] [MainThread]: Partial parsing: updated file: ecom_dbt://models/staging/stg_orders.sql
[0m18:47:04.446236 [debug] [MainThread]: Partial parsing: updated file: ecom_dbt://models/marts/fct_daily_sales.sql
[0m18:47:04.831338 [warn ] [MainThread]: [[33mWARNING[0m]: Deprecated functionality
The `tests` config has been renamed to `data_tests`. Please see
https://docs.getdbt.com/docs/build/data-tests#new-data_tests-syntax for more
information.
[0m18:47:04.831768 [debug] [MainThread]: Sending event: {'category': 'dbt', 'action': 'deprecation', 'label': '823d3b5f-9994-417b-9ac8-110e15d8cedd', 'property_': 'warn', 'context': [<snowplow_tracker.self_describing_json.SelfDescribingJson object at 0x10a54a2d0>]}
[0m18:47:04.927862 [debug] [MainThread]: Sending event: {'category': 'dbt', 'action': 'load_project', 'label': '823d3b5f-9994-417b-9ac8-110e15d8cedd', 'context': [<snowplow_tracker.self_describing_json.SelfDescribingJson object at 0x10983f5d0>]}
[0m18:47:05.048649 [debug] [MainThread]: Sending event: {'category': 'dbt', 'action': 'resource_counts', 'label': '823d3b5f-9994-417b-9ac8-110e15d8cedd', 'context': [<snowplow_tracker.self_describing_json.SelfDescribingJson object at 0x10bb81d50>]}
[0m18:47:05.049096 [info ] [MainThread]: Found 1 snapshot, 8 models, 11 data tests, 428 macros
[0m18:47:05.049381 [debug] [MainThread]: Sending event: {'category': 'dbt', 'action': 'runnable_timing', 'label': '823d3b5f-9994-417b-9ac8-110e15d8cedd', 'context': [<snowplow_tracker.self_describing_json.SelfDescribingJson object at 0x10b8dac50>]}
[0m18:47:05.051000 [info ] [MainThread]: 
[0m18:47:05.051375 [debug] [MainThread]: Acquiring new postgres connection 'master'
[0m18:47:05.054802 [debug] [ThreadPool]: Acquiring new postgres connection 'list_ecom_warehouse'
[0m18:47:05.095361 [debug] [ThreadPool]: Using postgres connection "list_ecom_warehouse"
[0m18:47:05.095684 [debug] [ThreadPool]: On list_ecom_warehouse: /* {"app": "dbt", "dbt_version": "1.8.2", "profile_name": "ecom_profile", "target_name": "dev", "connection_name": "list_ecom_warehouse"} */

    select distinct nspname from pg_namespace
  
[0m18:47:05.095858 [debug] [ThreadPool]: Opening a new connection, currently in state init
[0m18:47:05.166999 [debug] [ThreadPool]: SQL status: SELECT 10 in 0.071 seconds
[0m18:47:05.167847 [debug] [ThreadPool]: On list_ecom_warehouse: Close
[0m18:47:05.168734 [debug] [ThreadPool]: Re-using an available connection from the pool (formerly list_ecom_warehouse, now list_ecom_warehouse_staging_staging)
[0m18:47:05.169014 [debug] [ThreadPool]: Acquiring new postgres connection 'list_ecom_warehouse_staging_marts'
[0m18:47:05.172450 [debug] [ThreadPool]: Using postgres connection "list_ecom_warehouse_staging_staging"
[0m18:47:05.172933 [debug] [ThreadPool]: Acquiring new postgres connection 'list_ecom_warehouse_snapshots'
[0m18:47:05.174339 [debug] [ThreadPool]: Using postgres connection "list_ecom_warehouse_staging_marts"
[0m18:47:05.174562 [debug] [ThreadPool]: On list_ecom_warehouse_staging_staging: BEGIN
[0m18:47:05.175784 [debug] [ThreadPool]: Using postgres connection "list_ecom_warehouse_snapshots"
[0m18:47:05.175951 [debug] [ThreadPool]: On list_ecom_warehouse_staging_marts: BEGIN
[0m18:47:05.176208 [debug] [ThreadPool]: Opening a new connection, currently in state closed
[0m18:47:05.176469 [debug] [ThreadPool]: On list_ecom_warehouse_snapshots: BEGIN
[0m18:47:05.176636 [debug] [ThreadPool]: Opening a new connection, currently in state init
[0m18:47:05.176896 [debug] [ThreadPool]: Opening a new connection, currently in state init
[0m18:47:05.190694 [debug] [ThreadPool]: SQL status: BEGIN in 0.014 seconds
[0m18:47:05.190999 [debug] [ThreadPool]: Using postgres connection "list_ecom_warehouse_staging_staging"
[0m18:47:05.191178 [debug] [ThreadPool]: On list_ecom_warehouse_staging_staging: /* {"app": "dbt", "dbt_version": "1.8.2", "profile_name": "ecom_profile", "target_name": "dev", "connection_name": "list_ecom_warehouse_staging_staging"} */
select
      'ecom_warehouse' as database,
      tablename as name,
      schemaname as schema,
      'table' as type
    from pg_tables
    where schemaname ilike 'staging_staging'
    union all
    select
      'ecom_warehouse' as database,
      viewname as name,
      schemaname as schema,
      'view' as type
    from pg_views
    where schemaname ilike 'staging_staging'
    union all
    select
      'ecom_warehouse' as database,
      matviewname as name,
      schemaname as schema,
      'materialized_view' as type
    from pg_matviews
    where schemaname ilike 'staging_staging'
  
[0m18:47:05.194403 [debug] [ThreadPool]: SQL status: BEGIN in 0.018 seconds
[0m18:47:05.194744 [debug] [ThreadPool]: Using postgres connection "list_ecom_warehouse_staging_marts"
[0m18:47:05.194930 [debug] [ThreadPool]: On list_ecom_warehouse_staging_marts: /* {"app": "dbt", "dbt_version": "1.8.2", "profile_name": "ecom_profile", "target_name": "dev", "connection_name": "list_ecom_warehouse_staging_marts"} */
select
      'ecom_warehouse' as database,
      tablename as name,
      schemaname as schema,
      'table' as type
    from pg_tables
    where schemaname ilike 'staging_marts'
    union all
    select
      'ecom_warehouse' as database,
      viewname as name,
      schemaname as schema,
      'view' as type
    from pg_views
    where schemaname ilike 'staging_marts'
    union all
    select
      'ecom_warehouse' as database,
      matviewname as name,
      schemaname as schema,
      'materialized_view' as type
    from pg_matviews
    where schemaname ilike 'staging_marts'
  
[0m18:47:05.196043 [debug] [ThreadPool]: SQL status: BEGIN in 0.019 seconds
[0m18:47:05.196322 [debug] [ThreadPool]: Using postgres connection "list_ecom_warehouse_snapshots"
[0m18:47:05.196505 [debug] [ThreadPool]: On list_ecom_warehouse_snapshots: /* {"app": "dbt", "dbt_version": "1.8.2", "profile_name": "ecom_profile", "target_name": "dev", "connection_name": "list_ecom_warehouse_snapshots"} */
select
      'ecom_warehouse' as database,
      tablename as name,
      schemaname as schema,
      'table' as type
    from pg_tables
    where schemaname ilike 'snapshots'
    union all
    select
      'ecom_warehouse' as database,
      viewname as name,
      schemaname as schema,
      'view' as type
    from pg_views
    where schemaname ilike 'snapshots'
    union all
    select
      'ecom_warehouse' as database,
      matviewname as name,
      schemaname as schema,
      'materialized_view' as type
    from pg_matviews
    where schemaname ilike 'snapshots'
  
[0m18:47:05.201160 [debug] [ThreadPool]: SQL status: SELECT 0 in 0.009 seconds
[0m18:47:05.201974 [debug] [ThreadPool]: On list_ecom_warehouse_staging_staging: ROLLBACK
[0m18:47:05.202414 [debug] [ThreadPool]: SQL status: SELECT 0 in 0.007 seconds
[0m18:47:05.202917 [debug] [ThreadPool]: On list_ecom_warehouse_staging_marts: ROLLBACK
[0m18:47:05.203096 [debug] [ThreadPool]: On list_ecom_warehouse_staging_staging: Close
[0m18:47:05.203314 [debug] [ThreadPool]: SQL status: SELECT 0 in 0.007 seconds
[0m18:47:05.204169 [debug] [ThreadPool]: On list_ecom_warehouse_snapshots: ROLLBACK
[0m18:47:05.204328 [debug] [ThreadPool]: On list_ecom_warehouse_staging_marts: Close
[0m18:47:05.205325 [debug] [ThreadPool]: On list_ecom_warehouse_snapshots: Close
[0m18:47:05.208462 [debug] [MainThread]: Using postgres connection "master"
[0m18:47:05.208744 [debug] [MainThread]: On master: BEGIN
[0m18:47:05.208886 [debug] [MainThread]: Opening a new connection, currently in state init
[0m18:47:05.224202 [debug] [MainThread]: SQL status: BEGIN in 0.015 seconds
[0m18:47:05.224552 [debug] [MainThread]: Using postgres connection "master"
[0m18:47:05.224770 [debug] [MainThread]: On master: /* {"app": "dbt", "dbt_version": "1.8.2", "profile_name": "ecom_profile", "target_name": "dev", "connection_name": "master"} */
with relation as (
        select
            pg_rewrite.ev_class as class,
            pg_rewrite.oid as id
        from pg_rewrite
    ),
    class as (
        select
            oid as id,
            relname as name,
            relnamespace as schema,
            relkind as kind
        from pg_class
    ),
    dependency as (
        select distinct
            pg_depend.objid as id,
            pg_depend.refobjid as ref
        from pg_depend
    ),
    schema as (
        select
            pg_namespace.oid as id,
            pg_namespace.nspname as name
        from pg_namespace
        where nspname != 'information_schema' and nspname not like 'pg\_%'
    ),
    referenced as (
        select
            relation.id AS id,
            referenced_class.name ,
            referenced_class.schema ,
            referenced_class.kind
        from relation
        join class as referenced_class on relation.class=referenced_class.id
        where referenced_class.kind in ('r', 'v', 'm')
    ),
    relationships as (
        select
            referenced.name as referenced_name,
            referenced.schema as referenced_schema_id,
            dependent_class.name as dependent_name,
            dependent_class.schema as dependent_schema_id,
            referenced.kind as kind
        from referenced
        join dependency on referenced.id=dependency.id
        join class as dependent_class on dependency.ref=dependent_class.id
        where
            (referenced.name != dependent_class.name or
             referenced.schema != dependent_class.schema)
    )

    select
        referenced_schema.name as referenced_schema,
        relationships.referenced_name as referenced_name,
        dependent_schema.name as dependent_schema,
        relationships.dependent_name as dependent_name
    from relationships
    join schema as dependent_schema on relationships.dependent_schema_id=dependent_schema.id
    join schema as referenced_schema on relationships.referenced_schema_id=referenced_schema.id
    group by referenced_schema, referenced_name, dependent_schema, dependent_name
    order by referenced_schema, referenced_name, dependent_schema, dependent_name;
[0m18:47:05.277353 [debug] [MainThread]: SQL status: SELECT 0 in 0.052 seconds
[0m18:47:05.282756 [debug] [MainThread]: Sending event: {'category': 'dbt', 'action': 'runnable_timing', 'label': '823d3b5f-9994-417b-9ac8-110e15d8cedd', 'context': [<snowplow_tracker.self_describing_json.SelfDescribingJson object at 0x10b8d1f10>]}
[0m18:47:05.304790 [debug] [MainThread]: On master: ROLLBACK
[0m18:47:05.333572 [debug] [MainThread]: Using postgres connection "master"
[0m18:47:05.335304 [debug] [MainThread]: On master: BEGIN
[0m18:47:05.370615 [debug] [MainThread]: SQL status: BEGIN in 0.033 seconds
[0m18:47:05.377236 [debug] [MainThread]: On master: COMMIT
[0m18:47:05.377470 [debug] [MainThread]: Using postgres connection "master"
[0m18:47:05.378229 [debug] [MainThread]: On master: COMMIT
[0m18:47:05.392619 [debug] [MainThread]: SQL status: COMMIT in 0.014 seconds
[0m18:47:05.394099 [debug] [MainThread]: On master: Close
[0m18:47:05.398761 [info ] [MainThread]: Concurrency: 4 threads (target='dev')
[0m18:47:05.399064 [info ] [MainThread]: 
[0m18:47:05.413193 [debug] [Thread-1 (]: Began running node model.ecom_dbt.stg_customers
[0m18:47:05.414437 [debug] [Thread-2 (]: Began running node model.ecom_dbt.stg_order_items
[0m18:47:05.414990 [debug] [Thread-3 (]: Began running node model.ecom_dbt.stg_orders
[0m18:47:05.473398 [info ] [Thread-1 (]: 1 of 4 START sql view model staging_staging.stg_customers ...................... [RUN]
[0m18:47:05.475733 [debug] [Thread-4 (]: Began running node model.ecom_dbt.stg_products
[0m18:47:05.477695 [info ] [Thread-2 (]: 2 of 4 START sql view model staging_staging.stg_order_items .................... [RUN]
[0m18:47:05.497631 [debug] [Thread-1 (]: Re-using an available connection from the pool (formerly list_ecom_warehouse_staging_staging, now model.ecom_dbt.stg_customers)
[0m18:47:05.478304 [info ] [Thread-3 (]: 3 of 4 START sql view model staging_staging.stg_orders ......................... [RUN]
[0m18:47:05.636516 [info ] [Thread-4 (]: 4 of 4 START sql view model staging_staging.stg_products ....................... [RUN]
[0m18:47:05.639718 [debug] [Thread-2 (]: Re-using an available connection from the pool (formerly list_ecom_warehouse_staging_marts, now model.ecom_dbt.stg_order_items)
[0m18:47:05.674378 [debug] [Thread-1 (]: Began compiling node model.ecom_dbt.stg_customers
[0m18:47:05.681034 [debug] [Thread-3 (]: Re-using an available connection from the pool (formerly list_ecom_warehouse_snapshots, now model.ecom_dbt.stg_orders)
[0m18:47:05.686717 [debug] [Thread-4 (]: Acquiring new postgres connection 'model.ecom_dbt.stg_products'
[0m18:47:05.688749 [debug] [Thread-2 (]: Began compiling node model.ecom_dbt.stg_order_items
[0m18:47:05.713109 [debug] [Thread-3 (]: Began compiling node model.ecom_dbt.stg_orders
[0m18:47:05.828143 [debug] [Thread-1 (]: Writing injected SQL for node "model.ecom_dbt.stg_customers"
[0m18:47:05.828484 [debug] [Thread-4 (]: Began compiling node model.ecom_dbt.stg_products
[0m18:47:05.829710 [debug] [Thread-2 (]: Writing injected SQL for node "model.ecom_dbt.stg_order_items"
[0m18:47:05.831068 [debug] [Thread-3 (]: Writing injected SQL for node "model.ecom_dbt.stg_orders"
[0m18:47:05.832212 [debug] [Thread-4 (]: Writing injected SQL for node "model.ecom_dbt.stg_products"
[0m18:47:05.832651 [debug] [Thread-1 (]: Began executing node model.ecom_dbt.stg_customers
[0m18:47:05.833019 [debug] [Thread-2 (]: Began executing node model.ecom_dbt.stg_order_items
[0m18:47:05.839965 [debug] [Thread-4 (]: Began executing node model.ecom_dbt.stg_products
[0m18:47:05.846700 [debug] [Thread-3 (]: Began executing node model.ecom_dbt.stg_orders
[0m18:47:05.854290 [debug] [Thread-1 (]: Writing runtime sql for node "model.ecom_dbt.stg_customers"
[0m18:47:05.856478 [debug] [Thread-2 (]: Writing runtime sql for node "model.ecom_dbt.stg_order_items"
[0m18:47:05.858196 [debug] [Thread-4 (]: Writing runtime sql for node "model.ecom_dbt.stg_products"
[0m18:47:05.859675 [debug] [Thread-3 (]: Writing runtime sql for node "model.ecom_dbt.stg_orders"
[0m18:47:05.860418 [debug] [Thread-1 (]: Using postgres connection "model.ecom_dbt.stg_customers"
[0m18:47:05.860773 [debug] [Thread-1 (]: On model.ecom_dbt.stg_customers: BEGIN
[0m18:47:05.861004 [debug] [Thread-1 (]: Opening a new connection, currently in state closed
[0m18:47:05.861430 [debug] [Thread-3 (]: Using postgres connection "model.ecom_dbt.stg_orders"
[0m18:47:05.861783 [debug] [Thread-3 (]: On model.ecom_dbt.stg_orders: BEGIN
[0m18:47:05.862016 [debug] [Thread-2 (]: Using postgres connection "model.ecom_dbt.stg_order_items"
[0m18:47:05.862216 [debug] [Thread-3 (]: Opening a new connection, currently in state closed
[0m18:47:05.862513 [debug] [Thread-4 (]: Using postgres connection "model.ecom_dbt.stg_products"
[0m18:47:05.863123 [debug] [Thread-4 (]: On model.ecom_dbt.stg_products: BEGIN
[0m18:47:05.862751 [debug] [Thread-2 (]: On model.ecom_dbt.stg_order_items: BEGIN
[0m18:47:05.863327 [debug] [Thread-4 (]: Opening a new connection, currently in state init
[0m18:47:05.863497 [debug] [Thread-2 (]: Opening a new connection, currently in state closed
[0m18:47:05.882821 [debug] [Thread-3 (]: SQL status: BEGIN in 0.020 seconds
[0m18:47:05.883204 [debug] [Thread-1 (]: SQL status: BEGIN in 0.022 seconds
[0m18:47:05.883603 [debug] [Thread-4 (]: SQL status: BEGIN in 0.020 seconds
[0m18:47:05.883901 [debug] [Thread-3 (]: Using postgres connection "model.ecom_dbt.stg_orders"
[0m18:47:05.884150 [debug] [Thread-1 (]: Using postgres connection "model.ecom_dbt.stg_customers"
[0m18:47:05.884506 [debug] [Thread-4 (]: Using postgres connection "model.ecom_dbt.stg_products"
[0m18:47:05.884769 [debug] [Thread-3 (]: On model.ecom_dbt.stg_orders: /* {"app": "dbt", "dbt_version": "1.8.2", "profile_name": "ecom_profile", "target_name": "dev", "node_id": "model.ecom_dbt.stg_orders"} */

  create view "ecom_warehouse"."staging_staging"."stg_orders__dbt_tmp"
    
    
  as (
    WITH src AS (
  SELECT
    order_id,
    customer_id,
    order_ts,
    status,
    CAST(total_amount AS NUMERIC(12,2)) AS total_amount
  FROM raw_orders
)
SELECT * FROM src
  );
[0m18:47:05.884991 [debug] [Thread-1 (]: On model.ecom_dbt.stg_customers: /* {"app": "dbt", "dbt_version": "1.8.2", "profile_name": "ecom_profile", "target_name": "dev", "node_id": "model.ecom_dbt.stg_customers"} */

  create view "ecom_warehouse"."staging_staging"."stg_customers__dbt_tmp"
    
    
  as (
    WITH src AS (
  SELECT
    customer_id,
    full_name,
    email,
    city,
    segment,
    updated_at
  FROM raw_customers
)
SELECT * FROM src
  );
[0m18:47:05.885180 [debug] [Thread-4 (]: On model.ecom_dbt.stg_products: /* {"app": "dbt", "dbt_version": "1.8.2", "profile_name": "ecom_profile", "target_name": "dev", "node_id": "model.ecom_dbt.stg_products"} */

  create view "ecom_warehouse"."staging_staging"."stg_products__dbt_tmp"
    
    
  as (
    WITH src AS (
  SELECT
    product_id,
    name,
    category,
    CAST(price AS NUMERIC(10,2)) AS price,
    updated_at
  FROM raw_products
)
SELECT * FROM src
  );
[0m18:47:05.885362 [debug] [Thread-2 (]: SQL status: BEGIN in 0.022 seconds
[0m18:47:05.885613 [debug] [Thread-2 (]: Using postgres connection "model.ecom_dbt.stg_order_items"
[0m18:47:05.885953 [debug] [Thread-2 (]: On model.ecom_dbt.stg_order_items: /* {"app": "dbt", "dbt_version": "1.8.2", "profile_name": "ecom_profile", "target_name": "dev", "node_id": "model.ecom_dbt.stg_order_items"} */

  create view "ecom_warehouse"."staging_staging"."stg_order_items__dbt_tmp"
    
    
  as (
    WITH src AS (
  SELECT
    order_id,
    line_number,
    product_id,
    quantity,
    CAST(unit_price AS NUMERIC(10,2)) AS unit_price,
    CAST(amount AS NUMERIC(12,2)) AS amount
  FROM raw_order_items
)
SELECT * FROM src
  );
[0m18:47:05.893733 [debug] [Thread-2 (]: SQL status: CREATE VIEW in 0.008 seconds
[0m18:47:05.894102 [debug] [Thread-1 (]: SQL status: CREATE VIEW in 0.009 seconds
[0m18:47:05.897886 [debug] [Thread-2 (]: Using postgres connection "model.ecom_dbt.stg_order_items"
[0m18:47:05.898150 [debug] [Thread-4 (]: SQL status: CREATE VIEW in 0.013 seconds
[0m18:47:05.898341 [debug] [Thread-3 (]: SQL status: CREATE VIEW in 0.013 seconds
[0m18:47:05.900959 [debug] [Thread-1 (]: Using postgres connection "model.ecom_dbt.stg_customers"
[0m18:47:05.901259 [debug] [Thread-2 (]: On model.ecom_dbt.stg_order_items: /* {"app": "dbt", "dbt_version": "1.8.2", "profile_name": "ecom_profile", "target_name": "dev", "node_id": "model.ecom_dbt.stg_order_items"} */
alter table "ecom_warehouse"."staging_staging"."stg_order_items__dbt_tmp" rename to "stg_order_items"
[0m18:47:05.902745 [debug] [Thread-4 (]: Using postgres connection "model.ecom_dbt.stg_products"
[0m18:47:05.904262 [debug] [Thread-3 (]: Using postgres connection "model.ecom_dbt.stg_orders"
[0m18:47:05.904479 [debug] [Thread-1 (]: On model.ecom_dbt.stg_customers: /* {"app": "dbt", "dbt_version": "1.8.2", "profile_name": "ecom_profile", "target_name": "dev", "node_id": "model.ecom_dbt.stg_customers"} */
alter table "ecom_warehouse"."staging_staging"."stg_customers__dbt_tmp" rename to "stg_customers"
[0m18:47:05.904778 [debug] [Thread-4 (]: On model.ecom_dbt.stg_products: /* {"app": "dbt", "dbt_version": "1.8.2", "profile_name": "ecom_profile", "target_name": "dev", "node_id": "model.ecom_dbt.stg_products"} */
alter table "ecom_warehouse"."staging_staging"."stg_products__dbt_tmp" rename to "stg_products"
[0m18:47:05.904978 [debug] [Thread-3 (]: On model.ecom_dbt.stg_orders: /* {"app": "dbt", "dbt_version": "1.8.2", "profile_name": "ecom_profile", "target_name": "dev", "node_id": "model.ecom_dbt.stg_orders"} */
alter table "ecom_warehouse"."staging_staging"."stg_orders__dbt_tmp" rename to "stg_orders"
[0m18:47:05.905897 [debug] [Thread-2 (]: SQL status: ALTER TABLE in 0.001 seconds
[0m18:47:05.912440 [debug] [Thread-1 (]: SQL status: ALTER TABLE in 0.007 seconds
[0m18:47:05.912919 [debug] [Thread-3 (]: SQL status: ALTER TABLE in 0.007 seconds
[0m18:47:05.913246 [debug] [Thread-4 (]: SQL status: ALTER TABLE in 0.008 seconds
[0m18:47:05.916029 [debug] [Thread-2 (]: On model.ecom_dbt.stg_order_items: COMMIT
[0m18:47:05.917204 [debug] [Thread-1 (]: On model.ecom_dbt.stg_customers: COMMIT
[0m18:47:05.918055 [debug] [Thread-3 (]: On model.ecom_dbt.stg_orders: COMMIT
[0m18:47:05.918833 [debug] [Thread-4 (]: On model.ecom_dbt.stg_products: COMMIT
[0m18:47:05.919084 [debug] [Thread-2 (]: Using postgres connection "model.ecom_dbt.stg_order_items"
[0m18:47:05.919263 [debug] [Thread-1 (]: Using postgres connection "model.ecom_dbt.stg_customers"
[0m18:47:05.919419 [debug] [Thread-3 (]: Using postgres connection "model.ecom_dbt.stg_orders"
[0m18:47:05.919575 [debug] [Thread-4 (]: Using postgres connection "model.ecom_dbt.stg_products"
[0m18:47:05.919838 [debug] [Thread-2 (]: On model.ecom_dbt.stg_order_items: COMMIT
[0m18:47:05.920040 [debug] [Thread-1 (]: On model.ecom_dbt.stg_customers: COMMIT
[0m18:47:05.920195 [debug] [Thread-3 (]: On model.ecom_dbt.stg_orders: COMMIT
[0m18:47:05.920370 [debug] [Thread-4 (]: On model.ecom_dbt.stg_products: COMMIT
[0m18:47:05.922395 [debug] [Thread-2 (]: SQL status: COMMIT in 0.002 seconds
[0m18:47:05.922582 [debug] [Thread-3 (]: SQL status: COMMIT in 0.002 seconds
[0m18:47:05.925905 [debug] [Thread-2 (]: Applying DROP to: "ecom_warehouse"."staging_staging"."stg_order_items__dbt_backup"
[0m18:47:05.926076 [debug] [Thread-4 (]: SQL status: COMMIT in 0.005 seconds
[0m18:47:05.926217 [debug] [Thread-1 (]: SQL status: COMMIT in 0.006 seconds
[0m18:47:05.927306 [debug] [Thread-3 (]: Applying DROP to: "ecom_warehouse"."staging_staging"."stg_orders__dbt_backup"
[0m18:47:05.930062 [debug] [Thread-2 (]: Using postgres connection "model.ecom_dbt.stg_order_items"
[0m18:47:05.931473 [debug] [Thread-4 (]: Applying DROP to: "ecom_warehouse"."staging_staging"."stg_products__dbt_backup"
[0m18:47:05.932545 [debug] [Thread-1 (]: Applying DROP to: "ecom_warehouse"."staging_staging"."stg_customers__dbt_backup"
[0m18:47:05.932850 [debug] [Thread-3 (]: Using postgres connection "model.ecom_dbt.stg_orders"
[0m18:47:05.933011 [debug] [Thread-2 (]: On model.ecom_dbt.stg_order_items: /* {"app": "dbt", "dbt_version": "1.8.2", "profile_name": "ecom_profile", "target_name": "dev", "node_id": "model.ecom_dbt.stg_order_items"} */
drop view if exists "ecom_warehouse"."staging_staging"."stg_order_items__dbt_backup" cascade
[0m18:47:05.933304 [debug] [Thread-4 (]: Using postgres connection "model.ecom_dbt.stg_products"
[0m18:47:05.933579 [debug] [Thread-1 (]: Using postgres connection "model.ecom_dbt.stg_customers"
[0m18:47:05.933730 [debug] [Thread-3 (]: On model.ecom_dbt.stg_orders: /* {"app": "dbt", "dbt_version": "1.8.2", "profile_name": "ecom_profile", "target_name": "dev", "node_id": "model.ecom_dbt.stg_orders"} */
drop view if exists "ecom_warehouse"."staging_staging"."stg_orders__dbt_backup" cascade
[0m18:47:05.934034 [debug] [Thread-4 (]: On model.ecom_dbt.stg_products: /* {"app": "dbt", "dbt_version": "1.8.2", "profile_name": "ecom_profile", "target_name": "dev", "node_id": "model.ecom_dbt.stg_products"} */
drop view if exists "ecom_warehouse"."staging_staging"."stg_products__dbt_backup" cascade
[0m18:47:05.934305 [debug] [Thread-1 (]: On model.ecom_dbt.stg_customers: /* {"app": "dbt", "dbt_version": "1.8.2", "profile_name": "ecom_profile", "target_name": "dev", "node_id": "model.ecom_dbt.stg_customers"} */
drop view if exists "ecom_warehouse"."staging_staging"."stg_customers__dbt_backup" cascade
[0m18:47:05.934917 [debug] [Thread-2 (]: SQL status: DROP VIEW in 0.001 seconds
[0m18:47:05.936516 [debug] [Thread-2 (]: On model.ecom_dbt.stg_order_items: Close
[0m18:47:05.936726 [debug] [Thread-3 (]: SQL status: DROP VIEW in 0.002 seconds
[0m18:47:05.936876 [debug] [Thread-1 (]: SQL status: DROP VIEW in 0.002 seconds
[0m18:47:05.937047 [debug] [Thread-4 (]: SQL status: DROP VIEW in 0.002 seconds
[0m18:47:05.938376 [debug] [Thread-3 (]: On model.ecom_dbt.stg_orders: Close
[0m18:47:05.940538 [debug] [Thread-2 (]: Sending event: {'category': 'dbt', 'action': 'run_model', 'label': '823d3b5f-9994-417b-9ac8-110e15d8cedd', 'context': [<snowplow_tracker.self_describing_json.SelfDescribingJson object at 0x10b88d190>]}
[0m18:47:05.941536 [debug] [Thread-1 (]: On model.ecom_dbt.stg_customers: Close
[0m18:47:05.942292 [debug] [Thread-4 (]: On model.ecom_dbt.stg_products: Close
[0m18:47:05.942717 [debug] [Thread-3 (]: Sending event: {'category': 'dbt', 'action': 'run_model', 'label': '823d3b5f-9994-417b-9ac8-110e15d8cedd', 'context': [<snowplow_tracker.self_describing_json.SelfDescribingJson object at 0x10a7caa50>]}
[0m18:47:05.943150 [info ] [Thread-2 (]: 2 of 4 OK created sql view model staging_staging.stg_order_items ............... [[32mCREATE VIEW[0m in 0.30s]
[0m18:47:05.943509 [debug] [Thread-1 (]: Sending event: {'category': 'dbt', 'action': 'run_model', 'label': '823d3b5f-9994-417b-9ac8-110e15d8cedd', 'context': [<snowplow_tracker.self_describing_json.SelfDescribingJson object at 0x10a78ce90>]}
[0m18:47:05.944759 [info ] [Thread-1 (]: 1 of 4 OK created sql view model staging_staging.stg_customers ................. [[32mCREATE VIEW[0m in 0.45s]
[0m18:47:05.944097 [info ] [Thread-3 (]: 3 of 4 OK created sql view model staging_staging.stg_orders .................... [[32mCREATE VIEW[0m in 0.26s]
[0m18:47:05.944441 [debug] [Thread-2 (]: Finished running node model.ecom_dbt.stg_order_items
[0m18:47:05.945047 [debug] [Thread-1 (]: Finished running node model.ecom_dbt.stg_customers
[0m18:47:05.945310 [debug] [Thread-3 (]: Finished running node model.ecom_dbt.stg_orders
[0m18:47:05.943769 [debug] [Thread-4 (]: Sending event: {'category': 'dbt', 'action': 'run_model', 'label': '823d3b5f-9994-417b-9ac8-110e15d8cedd', 'context': [<snowplow_tracker.self_describing_json.SelfDescribingJson object at 0x10b903290>]}
[0m18:47:05.946041 [info ] [Thread-4 (]: 4 of 4 OK created sql view model staging_staging.stg_products .................. [[32mCREATE VIEW[0m in 0.26s]
[0m18:47:05.946350 [debug] [Thread-4 (]: Finished running node model.ecom_dbt.stg_products
[0m18:47:05.947200 [debug] [MainThread]: Using postgres connection "master"
[0m18:47:05.947533 [debug] [MainThread]: On master: BEGIN
[0m18:47:05.947668 [debug] [MainThread]: Opening a new connection, currently in state closed
[0m18:47:05.957423 [debug] [MainThread]: SQL status: BEGIN in 0.010 seconds
[0m18:47:05.957819 [debug] [MainThread]: On master: COMMIT
[0m18:47:05.957977 [debug] [MainThread]: Using postgres connection "master"
[0m18:47:05.958104 [debug] [MainThread]: On master: COMMIT
[0m18:47:05.958946 [debug] [MainThread]: SQL status: COMMIT in 0.001 seconds
[0m18:47:05.959225 [debug] [MainThread]: On master: Close
[0m18:47:05.959532 [debug] [MainThread]: Connection 'master' was properly closed.
[0m18:47:05.959769 [debug] [MainThread]: Connection 'model.ecom_dbt.stg_customers' was properly closed.
[0m18:47:05.959889 [debug] [MainThread]: Connection 'model.ecom_dbt.stg_order_items' was properly closed.
[0m18:47:05.959994 [debug] [MainThread]: Connection 'model.ecom_dbt.stg_orders' was properly closed.
[0m18:47:05.960096 [debug] [MainThread]: Connection 'model.ecom_dbt.stg_products' was properly closed.
[0m18:47:05.960301 [info ] [MainThread]: 
[0m18:47:05.960475 [info ] [MainThread]: Finished running 4 view models in 0 hours 0 minutes and 0.91 seconds (0.91s).
[0m18:47:05.961081 [debug] [MainThread]: Command end result
[0m18:47:05.979249 [info ] [MainThread]: 
[0m18:47:05.979587 [info ] [MainThread]: [32mCompleted successfully[0m
[0m18:47:05.979740 [info ] [MainThread]: 
[0m18:47:05.980043 [info ] [MainThread]: Done. PASS=4 WARN=0 ERROR=0 SKIP=0 TOTAL=4
[0m18:47:05.982357 [debug] [MainThread]: Resource report: {"command_name": "run", "command_success": true, "command_wall_clock_time": 1.8538747, "process_user_time": 1.485738, "process_kernel_time": 0.371619, "process_mem_max_rss": "123092992", "process_in_blocks": "0", "process_out_blocks": "0"}
[0m18:47:05.982769 [debug] [MainThread]: Command `dbt run` succeeded at 18:47:05.982680 after 1.85 seconds
[0m18:47:05.983011 [debug] [MainThread]: Sending event: {'category': 'dbt', 'action': 'invocation', 'label': 'end', 'context': [<snowplow_tracker.self_describing_json.SelfDescribingJson object at 0x1097fbf90>, <snowplow_tracker.self_describing_json.SelfDescribingJson object at 0x104c0e490>, <snowplow_tracker.self_describing_json.SelfDescribingJson object at 0x104cc7ad0>]}
[0m18:47:05.983186 [debug] [MainThread]: Flushing usage events
[0m18:47:12.179482 [debug] [MainThread]: Sending event: {'category': 'dbt', 'action': 'invocation', 'label': 'start', 'context': [<snowplow_tracker.self_describing_json.SelfDescribingJson object at 0x1098ff150>, <snowplow_tracker.self_describing_json.SelfDescribingJson object at 0x109935410>, <snowplow_tracker.self_describing_json.SelfDescribingJson object at 0x109971990>]}


============================== 18:47:12.182850 | 6fb1de09-d1c4-492b-a1a7-073e065707ad ==============================
[0m18:47:12.182850 [info ] [MainThread]: Running with dbt=1.8.2
[0m18:47:12.183181 [debug] [MainThread]: running dbt with arguments {'printer_width': '80', 'indirect_selection': 'eager', 'write_json': 'True', 'log_cache_events': 'False', 'partial_parse': 'True', 'cache_selected_only': 'False', 'warn_error': 'None', 'debug': 'False', 'fail_fast': 'False', 'log_path': 'dbt/logs', 'version_check': 'True', 'profiles_dir': '/Users/ivan/downloads/de-ecommerce-warehouse/dbt', 'use_colors': 'True', 'use_experimental_parser': 'False', 'no_print': 'None', 'quiet': 'False', 'log_format': 'default', 'static_parser': 'True', 'invocation_command': 'dbt snapshot --project-dir dbt', 'introspect': 'True', 'target_path': 'None', 'warn_error_options': 'WarnErrorOptions(include=[], exclude=[])', 'send_anonymous_usage_stats': 'True'}
[0m18:47:12.267058 [debug] [MainThread]: Sending event: {'category': 'dbt', 'action': 'project_id', 'label': '6fb1de09-d1c4-492b-a1a7-073e065707ad', 'context': [<snowplow_tracker.self_describing_json.SelfDescribingJson object at 0x10993e750>]}
[0m18:47:12.293379 [debug] [MainThread]: Sending event: {'category': 'dbt', 'action': 'adapter_info', 'label': '6fb1de09-d1c4-492b-a1a7-073e065707ad', 'context': [<snowplow_tracker.self_describing_json.SelfDescribingJson object at 0x106fb8590>]}
[0m18:47:12.294280 [info ] [MainThread]: Registered adapter: postgres=1.8.2
[0m18:47:12.352744 [debug] [MainThread]: checksum: f0a141b9de567cb7f131613ba2682f40b3a1c6a157f81c6e5435862eff68f109, vars: {}, profile: , target: , version: 1.8.2
[0m18:47:12.430762 [debug] [MainThread]: Partial parsing enabled: 0 files deleted, 0 files added, 0 files changed.
[0m18:47:12.431019 [debug] [MainThread]: Partial parsing enabled, no changes found, skipping parsing
[0m18:47:12.454340 [debug] [MainThread]: Sending event: {'category': 'dbt', 'action': 'load_project', 'label': '6fb1de09-d1c4-492b-a1a7-073e065707ad', 'context': [<snowplow_tracker.self_describing_json.SelfDescribingJson object at 0x109e7dc10>]}
[0m18:47:12.511245 [debug] [MainThread]: Sending event: {'category': 'dbt', 'action': 'resource_counts', 'label': '6fb1de09-d1c4-492b-a1a7-073e065707ad', 'context': [<snowplow_tracker.self_describing_json.SelfDescribingJson object at 0x109dbead0>]}
[0m18:47:12.511632 [info ] [MainThread]: Found 1 snapshot, 8 models, 11 data tests, 428 macros
[0m18:47:12.511940 [debug] [MainThread]: Sending event: {'category': 'dbt', 'action': 'runnable_timing', 'label': '6fb1de09-d1c4-492b-a1a7-073e065707ad', 'context': [<snowplow_tracker.self_describing_json.SelfDescribingJson object at 0x10a46ddd0>]}
[0m18:47:12.512960 [info ] [MainThread]: 
[0m18:47:12.513252 [debug] [MainThread]: Acquiring new postgres connection 'master'
[0m18:47:12.513670 [debug] [ThreadPool]: Acquiring new postgres connection 'list_ecom_warehouse'
[0m18:47:12.543016 [debug] [ThreadPool]: Using postgres connection "list_ecom_warehouse"
[0m18:47:12.543356 [debug] [ThreadPool]: On list_ecom_warehouse: /* {"app": "dbt", "dbt_version": "1.8.2", "profile_name": "ecom_profile", "target_name": "dev", "connection_name": "list_ecom_warehouse"} */

    select distinct nspname from pg_namespace
  
[0m18:47:12.543510 [debug] [ThreadPool]: Opening a new connection, currently in state init
[0m18:47:12.586469 [debug] [ThreadPool]: SQL status: SELECT 10 in 0.043 seconds
[0m18:47:12.587549 [debug] [ThreadPool]: On list_ecom_warehouse: Close
[0m18:47:12.590138 [debug] [ThreadPool]: Re-using an available connection from the pool (formerly list_ecom_warehouse, now list_ecom_warehouse_staging_staging)
[0m18:47:12.590942 [debug] [ThreadPool]: Acquiring new postgres connection 'list_ecom_warehouse_snapshots'
[0m18:47:12.591255 [debug] [ThreadPool]: Acquiring new postgres connection 'list_ecom_warehouse_staging_marts'
[0m18:47:12.594449 [debug] [ThreadPool]: Using postgres connection "list_ecom_warehouse_staging_staging"
[0m18:47:12.595609 [debug] [ThreadPool]: Using postgres connection "list_ecom_warehouse_snapshots"
[0m18:47:12.596559 [debug] [ThreadPool]: Using postgres connection "list_ecom_warehouse_staging_marts"
[0m18:47:12.596714 [debug] [ThreadPool]: On list_ecom_warehouse_staging_staging: BEGIN
[0m18:47:12.596845 [debug] [ThreadPool]: On list_ecom_warehouse_snapshots: BEGIN
[0m18:47:12.596965 [debug] [ThreadPool]: On list_ecom_warehouse_staging_marts: BEGIN
[0m18:47:12.597087 [debug] [ThreadPool]: Opening a new connection, currently in state closed
[0m18:47:12.597204 [debug] [ThreadPool]: Opening a new connection, currently in state init
[0m18:47:12.597316 [debug] [ThreadPool]: Opening a new connection, currently in state init
[0m18:47:12.610396 [debug] [ThreadPool]: SQL status: BEGIN in 0.013 seconds
[0m18:47:12.610702 [debug] [ThreadPool]: Using postgres connection "list_ecom_warehouse_staging_staging"
[0m18:47:12.610864 [debug] [ThreadPool]: On list_ecom_warehouse_staging_staging: /* {"app": "dbt", "dbt_version": "1.8.2", "profile_name": "ecom_profile", "target_name": "dev", "connection_name": "list_ecom_warehouse_staging_staging"} */
select
      'ecom_warehouse' as database,
      tablename as name,
      schemaname as schema,
      'table' as type
    from pg_tables
    where schemaname ilike 'staging_staging'
    union all
    select
      'ecom_warehouse' as database,
      viewname as name,
      schemaname as schema,
      'view' as type
    from pg_views
    where schemaname ilike 'staging_staging'
    union all
    select
      'ecom_warehouse' as database,
      matviewname as name,
      schemaname as schema,
      'materialized_view' as type
    from pg_matviews
    where schemaname ilike 'staging_staging'
  
[0m18:47:12.611613 [debug] [ThreadPool]: SQL status: BEGIN in 0.014 seconds
[0m18:47:12.611745 [debug] [ThreadPool]: Using postgres connection "list_ecom_warehouse_snapshots"
[0m18:47:12.611886 [debug] [ThreadPool]: On list_ecom_warehouse_snapshots: /* {"app": "dbt", "dbt_version": "1.8.2", "profile_name": "ecom_profile", "target_name": "dev", "connection_name": "list_ecom_warehouse_snapshots"} */
select
      'ecom_warehouse' as database,
      tablename as name,
      schemaname as schema,
      'table' as type
    from pg_tables
    where schemaname ilike 'snapshots'
    union all
    select
      'ecom_warehouse' as database,
      viewname as name,
      schemaname as schema,
      'view' as type
    from pg_views
    where schemaname ilike 'snapshots'
    union all
    select
      'ecom_warehouse' as database,
      matviewname as name,
      schemaname as schema,
      'materialized_view' as type
    from pg_matviews
    where schemaname ilike 'snapshots'
  
[0m18:47:12.619366 [debug] [ThreadPool]: SQL status: SELECT 0 in 0.007 seconds
[0m18:47:12.619774 [debug] [ThreadPool]: SQL status: SELECT 4 in 0.008 seconds
[0m18:47:12.619930 [debug] [ThreadPool]: SQL status: BEGIN in 0.023 seconds
[0m18:47:12.620782 [debug] [ThreadPool]: On list_ecom_warehouse_snapshots: ROLLBACK
[0m18:47:12.621565 [debug] [ThreadPool]: On list_ecom_warehouse_staging_staging: ROLLBACK
[0m18:47:12.621827 [debug] [ThreadPool]: Using postgres connection "list_ecom_warehouse_staging_marts"
[0m18:47:12.622176 [debug] [ThreadPool]: On list_ecom_warehouse_staging_marts: /* {"app": "dbt", "dbt_version": "1.8.2", "profile_name": "ecom_profile", "target_name": "dev", "connection_name": "list_ecom_warehouse_staging_marts"} */
select
      'ecom_warehouse' as database,
      tablename as name,
      schemaname as schema,
      'table' as type
    from pg_tables
    where schemaname ilike 'staging_marts'
    union all
    select
      'ecom_warehouse' as database,
      viewname as name,
      schemaname as schema,
      'view' as type
    from pg_views
    where schemaname ilike 'staging_marts'
    union all
    select
      'ecom_warehouse' as database,
      matviewname as name,
      schemaname as schema,
      'materialized_view' as type
    from pg_matviews
    where schemaname ilike 'staging_marts'
  
[0m18:47:12.622562 [debug] [ThreadPool]: On list_ecom_warehouse_staging_staging: Close
[0m18:47:12.622703 [debug] [ThreadPool]: On list_ecom_warehouse_snapshots: Close
[0m18:47:12.626650 [debug] [ThreadPool]: SQL status: SELECT 0 in 0.004 seconds
[0m18:47:12.627472 [debug] [ThreadPool]: On list_ecom_warehouse_staging_marts: ROLLBACK
[0m18:47:12.628268 [debug] [ThreadPool]: On list_ecom_warehouse_staging_marts: Close
[0m18:47:12.630994 [debug] [MainThread]: Using postgres connection "master"
[0m18:47:12.631181 [debug] [MainThread]: On master: BEGIN
[0m18:47:12.631305 [debug] [MainThread]: Opening a new connection, currently in state init
[0m18:47:12.655722 [debug] [MainThread]: SQL status: BEGIN in 0.024 seconds
[0m18:47:12.655985 [debug] [MainThread]: Using postgres connection "master"
[0m18:47:12.656182 [debug] [MainThread]: On master: /* {"app": "dbt", "dbt_version": "1.8.2", "profile_name": "ecom_profile", "target_name": "dev", "connection_name": "master"} */
with relation as (
        select
            pg_rewrite.ev_class as class,
            pg_rewrite.oid as id
        from pg_rewrite
    ),
    class as (
        select
            oid as id,
            relname as name,
            relnamespace as schema,
            relkind as kind
        from pg_class
    ),
    dependency as (
        select distinct
            pg_depend.objid as id,
            pg_depend.refobjid as ref
        from pg_depend
    ),
    schema as (
        select
            pg_namespace.oid as id,
            pg_namespace.nspname as name
        from pg_namespace
        where nspname != 'information_schema' and nspname not like 'pg\_%'
    ),
    referenced as (
        select
            relation.id AS id,
            referenced_class.name ,
            referenced_class.schema ,
            referenced_class.kind
        from relation
        join class as referenced_class on relation.class=referenced_class.id
        where referenced_class.kind in ('r', 'v', 'm')
    ),
    relationships as (
        select
            referenced.name as referenced_name,
            referenced.schema as referenced_schema_id,
            dependent_class.name as dependent_name,
            dependent_class.schema as dependent_schema_id,
            referenced.kind as kind
        from referenced
        join dependency on referenced.id=dependency.id
        join class as dependent_class on dependency.ref=dependent_class.id
        where
            (referenced.name != dependent_class.name or
             referenced.schema != dependent_class.schema)
    )

    select
        referenced_schema.name as referenced_schema,
        relationships.referenced_name as referenced_name,
        dependent_schema.name as dependent_schema,
        relationships.dependent_name as dependent_name
    from relationships
    join schema as dependent_schema on relationships.dependent_schema_id=dependent_schema.id
    join schema as referenced_schema on relationships.referenced_schema_id=referenced_schema.id
    group by referenced_schema, referenced_name, dependent_schema, dependent_name
    order by referenced_schema, referenced_name, dependent_schema, dependent_name;
[0m18:47:12.660808 [debug] [MainThread]: SQL status: SELECT 4 in 0.004 seconds
[0m18:47:12.661650 [debug] [MainThread]: Sending event: {'category': 'dbt', 'action': 'runnable_timing', 'label': '6fb1de09-d1c4-492b-a1a7-073e065707ad', 'context': [<snowplow_tracker.self_describing_json.SelfDescribingJson object at 0x10a52c610>]}
[0m18:47:12.661918 [debug] [MainThread]: On master: ROLLBACK
[0m18:47:12.662781 [debug] [MainThread]: Using postgres connection "master"
[0m18:47:12.663060 [debug] [MainThread]: On master: BEGIN
[0m18:47:12.664195 [debug] [MainThread]: SQL status: BEGIN in 0.001 seconds
[0m18:47:12.664416 [debug] [MainThread]: On master: COMMIT
[0m18:47:12.664550 [debug] [MainThread]: Using postgres connection "master"
[0m18:47:12.664676 [debug] [MainThread]: On master: COMMIT
[0m18:47:12.665385 [debug] [MainThread]: SQL status: COMMIT in 0.001 seconds
[0m18:47:12.665558 [debug] [MainThread]: On master: Close
[0m18:47:12.665807 [info ] [MainThread]: Concurrency: 4 threads (target='dev')
[0m18:47:12.665970 [info ] [MainThread]: 
[0m18:47:12.667622 [debug] [Thread-1 (]: Began running node snapshot.ecom_dbt.snap_customers
[0m18:47:12.667929 [info ] [Thread-1 (]: 1 of 1 START snapshot snapshots.snap_customers ................................. [RUN]
[0m18:47:12.668163 [debug] [Thread-1 (]: Re-using an available connection from the pool (formerly list_ecom_warehouse_staging_staging, now snapshot.ecom_dbt.snap_customers)
[0m18:47:12.668332 [debug] [Thread-1 (]: Began compiling node snapshot.ecom_dbt.snap_customers
[0m18:47:12.673475 [debug] [Thread-1 (]: Began executing node snapshot.ecom_dbt.snap_customers
[0m18:47:12.704661 [debug] [Thread-1 (]: Using postgres connection "snapshot.ecom_dbt.snap_customers"
[0m18:47:12.704957 [debug] [Thread-1 (]: On snapshot.ecom_dbt.snap_customers: /* {"app": "dbt", "dbt_version": "1.8.2", "profile_name": "ecom_profile", "target_name": "dev", "node_id": "snapshot.ecom_dbt.snap_customers"} */
select * from (
        
    

    select *,
        md5(coalesce(cast(customer_id as varchar ), '')
         || '|' || coalesce(cast(updated_at as varchar ), '')
        ) as dbt_scd_id,
        updated_at as dbt_updated_at,
        updated_at as dbt_valid_from,
        
  
  coalesce(nullif(updated_at, updated_at), null)
  as dbt_valid_to

    from (
        



-- Take history from the cleaned staging model
select
  customer_id,
  full_name,
  email,
  city,
  segment,
  updated_at
from "ecom_warehouse"."staging_staging"."stg_customers"

    ) sbq



    ) as __dbt_sbq
    where false
    limit 0

[0m18:47:12.705128 [debug] [Thread-1 (]: Opening a new connection, currently in state closed
[0m18:47:12.731264 [debug] [Thread-1 (]: SQL status: SELECT 0 in 0.026 seconds
[0m18:47:12.734059 [debug] [Thread-1 (]: Using postgres connection "snapshot.ecom_dbt.snap_customers"
[0m18:47:12.734243 [debug] [Thread-1 (]: On snapshot.ecom_dbt.snap_customers: /* {"app": "dbt", "dbt_version": "1.8.2", "profile_name": "ecom_profile", "target_name": "dev", "node_id": "snapshot.ecom_dbt.snap_customers"} */
select * from (
        select now()::timestamp without time zone as dbt_snapshot_time
    ) as __dbt_sbq
    where false
    limit 0

[0m18:47:12.738192 [debug] [Thread-1 (]: SQL status: SELECT 0 in 0.004 seconds
[0m18:47:12.738600 [debug] [Thread-1 (]: Writing runtime sql for node "snapshot.ecom_dbt.snap_customers"
[0m18:47:12.739066 [debug] [Thread-1 (]: Using postgres connection "snapshot.ecom_dbt.snap_customers"
[0m18:47:12.739219 [debug] [Thread-1 (]: On snapshot.ecom_dbt.snap_customers: BEGIN
[0m18:47:12.740094 [debug] [Thread-1 (]: SQL status: BEGIN in 0.001 seconds
[0m18:47:12.740377 [debug] [Thread-1 (]: Using postgres connection "snapshot.ecom_dbt.snap_customers"
[0m18:47:12.740574 [debug] [Thread-1 (]: On snapshot.ecom_dbt.snap_customers: /* {"app": "dbt", "dbt_version": "1.8.2", "profile_name": "ecom_profile", "target_name": "dev", "node_id": "snapshot.ecom_dbt.snap_customers"} */

      
  
    

  create  table "ecom_warehouse"."snapshots"."snap_customers"
  
  
    as
  
  (
    
    

    select *,
        md5(coalesce(cast(customer_id as varchar ), '')
         || '|' || coalesce(cast(updated_at as varchar ), '')
        ) as dbt_scd_id,
        updated_at as dbt_updated_at,
        updated_at as dbt_valid_from,
        
  
  coalesce(nullif(updated_at, updated_at), null)
  as dbt_valid_to

    from (
        



-- Take history from the cleaned staging model
select
  customer_id,
  full_name,
  email,
  city,
  segment,
  updated_at
from "ecom_warehouse"."staging_staging"."stg_customers"

    ) sbq



  );
  
  
[0m18:47:12.756169 [debug] [Thread-1 (]: SQL status: SELECT 1000 in 0.015 seconds
[0m18:47:12.765481 [debug] [Thread-1 (]: On snapshot.ecom_dbt.snap_customers: COMMIT
[0m18:47:12.765734 [debug] [Thread-1 (]: Using postgres connection "snapshot.ecom_dbt.snap_customers"
[0m18:47:12.765882 [debug] [Thread-1 (]: On snapshot.ecom_dbt.snap_customers: COMMIT
[0m18:47:12.767519 [debug] [Thread-1 (]: SQL status: COMMIT in 0.001 seconds
[0m18:47:12.768727 [debug] [Thread-1 (]: On snapshot.ecom_dbt.snap_customers: Close
[0m18:47:12.769639 [debug] [Thread-1 (]: Sending event: {'category': 'dbt', 'action': 'run_model', 'label': '6fb1de09-d1c4-492b-a1a7-073e065707ad', 'context': [<snowplow_tracker.self_describing_json.SelfDescribingJson object at 0x10ab72b10>]}
[0m18:47:12.770159 [info ] [Thread-1 (]: 1 of 1 OK snapshotted snapshots.snap_customers ................................. [[32mSELECT 1000[0m in 0.10s]
[0m18:47:12.770626 [debug] [Thread-1 (]: Finished running node snapshot.ecom_dbt.snap_customers
[0m18:47:12.771579 [debug] [MainThread]: Using postgres connection "master"
[0m18:47:12.771741 [debug] [MainThread]: On master: BEGIN
[0m18:47:12.771863 [debug] [MainThread]: Opening a new connection, currently in state closed
[0m18:47:12.784094 [debug] [MainThread]: SQL status: BEGIN in 0.012 seconds
[0m18:47:12.784335 [debug] [MainThread]: On master: COMMIT
[0m18:47:12.784458 [debug] [MainThread]: Using postgres connection "master"
[0m18:47:12.784656 [debug] [MainThread]: On master: COMMIT
[0m18:47:12.785601 [debug] [MainThread]: SQL status: COMMIT in 0.001 seconds
[0m18:47:12.785788 [debug] [MainThread]: On master: Close
[0m18:47:12.786011 [debug] [MainThread]: Connection 'master' was properly closed.
[0m18:47:12.786149 [debug] [MainThread]: Connection 'snapshot.ecom_dbt.snap_customers' was properly closed.
[0m18:47:12.786267 [debug] [MainThread]: Connection 'list_ecom_warehouse_snapshots' was properly closed.
[0m18:47:12.786373 [debug] [MainThread]: Connection 'list_ecom_warehouse_staging_marts' was properly closed.
[0m18:47:12.786510 [info ] [MainThread]: 
[0m18:47:12.786658 [info ] [MainThread]: Finished running 1 snapshot in 0 hours 0 minutes and 0.27 seconds (0.27s).
[0m18:47:12.786960 [debug] [MainThread]: Command end result
[0m18:47:12.803318 [info ] [MainThread]: 
[0m18:47:12.803595 [info ] [MainThread]: [32mCompleted successfully[0m
[0m18:47:12.803737 [info ] [MainThread]: 
[0m18:47:12.803887 [info ] [MainThread]: Done. PASS=1 WARN=0 ERROR=0 SKIP=0 TOTAL=1
[0m18:47:12.805638 [debug] [MainThread]: Resource report: {"command_name": "snapshot", "command_success": true, "command_wall_clock_time": 0.66462433, "process_user_time": 1.095387, "process_kernel_time": 0.235083, "process_mem_max_rss": "124551168", "process_in_blocks": "0", "process_out_blocks": "0"}
[0m18:47:12.805888 [debug] [MainThread]: Command `dbt snapshot` succeeded at 18:47:12.805848 after 0.66 seconds
[0m18:47:12.806077 [debug] [MainThread]: Sending event: {'category': 'dbt', 'action': 'invocation', 'label': 'end', 'context': [<snowplow_tracker.self_describing_json.SelfDescribingJson object at 0x1032a3950>, <snowplow_tracker.self_describing_json.SelfDescribingJson object at 0x10312e1d0>, <snowplow_tracker.self_describing_json.SelfDescribingJson object at 0x1098fbe50>]}
[0m18:47:12.806240 [debug] [MainThread]: Flushing usage events
[0m18:47:19.812827 [debug] [MainThread]: Sending event: {'category': 'dbt', 'action': 'invocation', 'label': 'start', 'context': [<snowplow_tracker.self_describing_json.SelfDescribingJson object at 0x110df0c50>, <snowplow_tracker.self_describing_json.SelfDescribingJson object at 0x111b55410>, <snowplow_tracker.self_describing_json.SelfDescribingJson object at 0x111b55c10>]}


============================== 18:47:19.816508 | 2b41fec5-03d4-4503-86b8-ed3eafce8a20 ==============================
[0m18:47:19.816508 [info ] [MainThread]: Running with dbt=1.8.2
[0m18:47:19.816841 [debug] [MainThread]: running dbt with arguments {'printer_width': '80', 'indirect_selection': 'eager', 'write_json': 'True', 'log_cache_events': 'False', 'partial_parse': 'True', 'cache_selected_only': 'False', 'warn_error': 'None', 'version_check': 'True', 'fail_fast': 'False', 'log_path': 'dbt/logs', 'profiles_dir': '/Users/ivan/downloads/de-ecommerce-warehouse/dbt', 'debug': 'False', 'use_colors': 'True', 'use_experimental_parser': 'False', 'no_print': 'None', 'quiet': 'False', 'log_format': 'default', 'static_parser': 'True', 'invocation_command': 'dbt run --project-dir dbt --select marts', 'introspect': 'True', 'target_path': 'None', 'warn_error_options': 'WarnErrorOptions(include=[], exclude=[])', 'send_anonymous_usage_stats': 'True'}
[0m18:47:19.896308 [debug] [MainThread]: Sending event: {'category': 'dbt', 'action': 'project_id', 'label': '2b41fec5-03d4-4503-86b8-ed3eafce8a20', 'context': [<snowplow_tracker.self_describing_json.SelfDescribingJson object at 0x111b35910>]}
[0m18:47:19.921671 [debug] [MainThread]: Sending event: {'category': 'dbt', 'action': 'adapter_info', 'label': '2b41fec5-03d4-4503-86b8-ed3eafce8a20', 'context': [<snowplow_tracker.self_describing_json.SelfDescribingJson object at 0x1066afb10>]}
[0m18:47:19.922517 [info ] [MainThread]: Registered adapter: postgres=1.8.2
[0m18:47:19.980462 [debug] [MainThread]: checksum: f0a141b9de567cb7f131613ba2682f40b3a1c6a157f81c6e5435862eff68f109, vars: {}, profile: , target: , version: 1.8.2
[0m18:47:20.061556 [debug] [MainThread]: Partial parsing enabled: 0 files deleted, 0 files added, 0 files changed.
[0m18:47:20.061824 [debug] [MainThread]: Partial parsing enabled, no changes found, skipping parsing
[0m18:47:20.084522 [debug] [MainThread]: Sending event: {'category': 'dbt', 'action': 'load_project', 'label': '2b41fec5-03d4-4503-86b8-ed3eafce8a20', 'context': [<snowplow_tracker.self_describing_json.SelfDescribingJson object at 0x112766cd0>]}
[0m18:47:20.140286 [debug] [MainThread]: Sending event: {'category': 'dbt', 'action': 'resource_counts', 'label': '2b41fec5-03d4-4503-86b8-ed3eafce8a20', 'context': [<snowplow_tracker.self_describing_json.SelfDescribingJson object at 0x1126b3ad0>]}
[0m18:47:20.140594 [info ] [MainThread]: Found 1 snapshot, 8 models, 11 data tests, 428 macros
[0m18:47:20.140761 [debug] [MainThread]: Sending event: {'category': 'dbt', 'action': 'runnable_timing', 'label': '2b41fec5-03d4-4503-86b8-ed3eafce8a20', 'context': [<snowplow_tracker.self_describing_json.SelfDescribingJson object at 0x1127186d0>]}
[0m18:47:20.141663 [info ] [MainThread]: 
[0m18:47:20.141946 [debug] [MainThread]: Acquiring new postgres connection 'master'
[0m18:47:20.143883 [debug] [ThreadPool]: Acquiring new postgres connection 'list_ecom_warehouse'
[0m18:47:20.173243 [debug] [ThreadPool]: Using postgres connection "list_ecom_warehouse"
[0m18:47:20.173563 [debug] [ThreadPool]: On list_ecom_warehouse: /* {"app": "dbt", "dbt_version": "1.8.2", "profile_name": "ecom_profile", "target_name": "dev", "connection_name": "list_ecom_warehouse"} */

    select distinct nspname from pg_namespace
  
[0m18:47:20.173724 [debug] [ThreadPool]: Opening a new connection, currently in state init
[0m18:47:20.232041 [debug] [ThreadPool]: SQL status: SELECT 10 in 0.057 seconds
[0m18:47:20.242236 [debug] [ThreadPool]: On list_ecom_warehouse: Close
[0m18:47:20.247942 [debug] [ThreadPool]: Re-using an available connection from the pool (formerly list_ecom_warehouse, now list_ecom_warehouse_staging_staging)
[0m18:47:20.248338 [debug] [ThreadPool]: Acquiring new postgres connection 'list_ecom_warehouse_staging_marts'
[0m18:47:20.283799 [debug] [ThreadPool]: Acquiring new postgres connection 'list_ecom_warehouse_snapshots'
[0m18:47:20.295710 [debug] [ThreadPool]: Using postgres connection "list_ecom_warehouse_staging_marts"
[0m18:47:20.316573 [debug] [ThreadPool]: On list_ecom_warehouse_staging_marts: BEGIN
[0m18:47:20.312350 [debug] [ThreadPool]: Using postgres connection "list_ecom_warehouse_snapshots"
[0m18:47:20.316784 [debug] [ThreadPool]: Opening a new connection, currently in state init
[0m18:47:20.309910 [debug] [ThreadPool]: Using postgres connection "list_ecom_warehouse_staging_staging"
[0m18:47:20.317301 [debug] [ThreadPool]: On list_ecom_warehouse_snapshots: BEGIN
[0m18:47:20.317927 [debug] [ThreadPool]: On list_ecom_warehouse_staging_staging: BEGIN
[0m18:47:20.318176 [debug] [ThreadPool]: Opening a new connection, currently in state init
[0m18:47:20.318426 [debug] [ThreadPool]: Opening a new connection, currently in state closed
[0m18:47:20.667418 [debug] [ThreadPool]: SQL status: BEGIN in 0.349 seconds
[0m18:47:20.668005 [debug] [ThreadPool]: Using postgres connection "list_ecom_warehouse_staging_staging"
[0m18:47:20.668281 [debug] [ThreadPool]: On list_ecom_warehouse_staging_staging: /* {"app": "dbt", "dbt_version": "1.8.2", "profile_name": "ecom_profile", "target_name": "dev", "connection_name": "list_ecom_warehouse_staging_staging"} */
select
      'ecom_warehouse' as database,
      tablename as name,
      schemaname as schema,
      'table' as type
    from pg_tables
    where schemaname ilike 'staging_staging'
    union all
    select
      'ecom_warehouse' as database,
      viewname as name,
      schemaname as schema,
      'view' as type
    from pg_views
    where schemaname ilike 'staging_staging'
    union all
    select
      'ecom_warehouse' as database,
      matviewname as name,
      schemaname as schema,
      'materialized_view' as type
    from pg_matviews
    where schemaname ilike 'staging_staging'
  
[0m18:47:20.669768 [debug] [ThreadPool]: SQL status: BEGIN in 0.353 seconds
[0m18:47:20.670619 [debug] [ThreadPool]: Using postgres connection "list_ecom_warehouse_staging_marts"
[0m18:47:20.670818 [debug] [ThreadPool]: On list_ecom_warehouse_staging_marts: /* {"app": "dbt", "dbt_version": "1.8.2", "profile_name": "ecom_profile", "target_name": "dev", "connection_name": "list_ecom_warehouse_staging_marts"} */
select
      'ecom_warehouse' as database,
      tablename as name,
      schemaname as schema,
      'table' as type
    from pg_tables
    where schemaname ilike 'staging_marts'
    union all
    select
      'ecom_warehouse' as database,
      viewname as name,
      schemaname as schema,
      'view' as type
    from pg_views
    where schemaname ilike 'staging_marts'
    union all
    select
      'ecom_warehouse' as database,
      matviewname as name,
      schemaname as schema,
      'materialized_view' as type
    from pg_matviews
    where schemaname ilike 'staging_marts'
  
[0m18:47:20.676432 [debug] [ThreadPool]: SQL status: SELECT 4 in 0.008 seconds
[0m18:47:20.677944 [debug] [ThreadPool]: On list_ecom_warehouse_staging_staging: ROLLBACK
[0m18:47:20.680804 [debug] [ThreadPool]: SQL status: BEGIN in 0.363 seconds
[0m18:47:20.681132 [debug] [ThreadPool]: On list_ecom_warehouse_staging_staging: Close
[0m18:47:20.681392 [debug] [ThreadPool]: Using postgres connection "list_ecom_warehouse_snapshots"
[0m18:47:20.682931 [debug] [ThreadPool]: On list_ecom_warehouse_snapshots: /* {"app": "dbt", "dbt_version": "1.8.2", "profile_name": "ecom_profile", "target_name": "dev", "connection_name": "list_ecom_warehouse_snapshots"} */
select
      'ecom_warehouse' as database,
      tablename as name,
      schemaname as schema,
      'table' as type
    from pg_tables
    where schemaname ilike 'snapshots'
    union all
    select
      'ecom_warehouse' as database,
      viewname as name,
      schemaname as schema,
      'view' as type
    from pg_views
    where schemaname ilike 'snapshots'
    union all
    select
      'ecom_warehouse' as database,
      matviewname as name,
      schemaname as schema,
      'materialized_view' as type
    from pg_matviews
    where schemaname ilike 'snapshots'
  
[0m18:47:20.685772 [debug] [ThreadPool]: SQL status: SELECT 0 in 0.015 seconds
[0m18:47:20.686794 [debug] [ThreadPool]: On list_ecom_warehouse_staging_marts: ROLLBACK
[0m18:47:20.691728 [debug] [ThreadPool]: On list_ecom_warehouse_staging_marts: Close
[0m18:47:20.694907 [debug] [ThreadPool]: SQL status: SELECT 1 in 0.012 seconds
[0m18:47:20.696603 [debug] [ThreadPool]: On list_ecom_warehouse_snapshots: ROLLBACK
[0m18:47:20.697751 [debug] [ThreadPool]: On list_ecom_warehouse_snapshots: Close
[0m18:47:20.701683 [debug] [MainThread]: Using postgres connection "master"
[0m18:47:20.701985 [debug] [MainThread]: On master: BEGIN
[0m18:47:20.702135 [debug] [MainThread]: Opening a new connection, currently in state init
[0m18:47:20.728715 [debug] [MainThread]: SQL status: BEGIN in 0.026 seconds
[0m18:47:20.729507 [debug] [MainThread]: Using postgres connection "master"
[0m18:47:20.730064 [debug] [MainThread]: On master: /* {"app": "dbt", "dbt_version": "1.8.2", "profile_name": "ecom_profile", "target_name": "dev", "connection_name": "master"} */
with relation as (
        select
            pg_rewrite.ev_class as class,
            pg_rewrite.oid as id
        from pg_rewrite
    ),
    class as (
        select
            oid as id,
            relname as name,
            relnamespace as schema,
            relkind as kind
        from pg_class
    ),
    dependency as (
        select distinct
            pg_depend.objid as id,
            pg_depend.refobjid as ref
        from pg_depend
    ),
    schema as (
        select
            pg_namespace.oid as id,
            pg_namespace.nspname as name
        from pg_namespace
        where nspname != 'information_schema' and nspname not like 'pg\_%'
    ),
    referenced as (
        select
            relation.id AS id,
            referenced_class.name ,
            referenced_class.schema ,
            referenced_class.kind
        from relation
        join class as referenced_class on relation.class=referenced_class.id
        where referenced_class.kind in ('r', 'v', 'm')
    ),
    relationships as (
        select
            referenced.name as referenced_name,
            referenced.schema as referenced_schema_id,
            dependent_class.name as dependent_name,
            dependent_class.schema as dependent_schema_id,
            referenced.kind as kind
        from referenced
        join dependency on referenced.id=dependency.id
        join class as dependent_class on dependency.ref=dependent_class.id
        where
            (referenced.name != dependent_class.name or
             referenced.schema != dependent_class.schema)
    )

    select
        referenced_schema.name as referenced_schema,
        relationships.referenced_name as referenced_name,
        dependent_schema.name as dependent_schema,
        relationships.dependent_name as dependent_name
    from relationships
    join schema as dependent_schema on relationships.dependent_schema_id=dependent_schema.id
    join schema as referenced_schema on relationships.referenced_schema_id=referenced_schema.id
    group by referenced_schema, referenced_name, dependent_schema, dependent_name
    order by referenced_schema, referenced_name, dependent_schema, dependent_name;
[0m18:47:20.753231 [debug] [MainThread]: SQL status: SELECT 4 in 0.019 seconds
[0m18:47:20.756013 [debug] [MainThread]: Sending event: {'category': 'dbt', 'action': 'runnable_timing', 'label': '2b41fec5-03d4-4503-86b8-ed3eafce8a20', 'context': [<snowplow_tracker.self_describing_json.SelfDescribingJson object at 0x1126b2950>]}
[0m18:47:20.757261 [debug] [MainThread]: On master: ROLLBACK
[0m18:47:20.758741 [debug] [MainThread]: Using postgres connection "master"
[0m18:47:20.759219 [debug] [MainThread]: On master: BEGIN
[0m18:47:20.769646 [debug] [MainThread]: SQL status: BEGIN in 0.010 seconds
[0m18:47:20.772795 [debug] [MainThread]: On master: COMMIT
[0m18:47:20.780645 [debug] [MainThread]: Using postgres connection "master"
[0m18:47:20.782191 [debug] [MainThread]: On master: COMMIT
[0m18:47:20.796000 [debug] [MainThread]: SQL status: COMMIT in 0.013 seconds
[0m18:47:20.796786 [debug] [MainThread]: On master: Close
[0m18:47:20.798368 [info ] [MainThread]: Concurrency: 4 threads (target='dev')
[0m18:47:20.799701 [info ] [MainThread]: 
[0m18:47:20.811240 [debug] [Thread-1 (]: Began running node model.ecom_dbt.dim_customer
[0m18:47:20.812263 [debug] [Thread-2 (]: Began running node model.ecom_dbt.dim_product
[0m18:47:20.812763 [debug] [Thread-3 (]: Began running node model.ecom_dbt.fct_order_items
[0m18:47:20.813612 [info ] [Thread-1 (]: 1 of 4 START sql view model staging_marts.dim_customer ......................... [RUN]
[0m18:47:20.814323 [info ] [Thread-2 (]: 2 of 4 START sql view model staging_marts.dim_product .......................... [RUN]
[0m18:47:20.819215 [debug] [Thread-1 (]: Re-using an available connection from the pool (formerly list_ecom_warehouse_staging_staging, now model.ecom_dbt.dim_customer)
[0m18:47:20.818471 [info ] [Thread-3 (]: 3 of 4 START sql view model staging_marts.fct_order_items ...................... [RUN]
[0m18:47:20.819964 [debug] [Thread-2 (]: Re-using an available connection from the pool (formerly list_ecom_warehouse_staging_marts, now model.ecom_dbt.dim_product)
[0m18:47:20.821456 [debug] [Thread-1 (]: Began compiling node model.ecom_dbt.dim_customer
[0m18:47:20.823580 [debug] [Thread-3 (]: Re-using an available connection from the pool (formerly list_ecom_warehouse_snapshots, now model.ecom_dbt.fct_order_items)
[0m18:47:20.823985 [debug] [Thread-2 (]: Began compiling node model.ecom_dbt.dim_product
[0m18:47:20.831957 [debug] [Thread-1 (]: Writing injected SQL for node "model.ecom_dbt.dim_customer"
[0m18:47:20.832249 [debug] [Thread-3 (]: Began compiling node model.ecom_dbt.fct_order_items
[0m18:47:20.834142 [debug] [Thread-2 (]: Writing injected SQL for node "model.ecom_dbt.dim_product"
[0m18:47:20.837854 [debug] [Thread-3 (]: Writing injected SQL for node "model.ecom_dbt.fct_order_items"
[0m18:47:20.840139 [debug] [Thread-1 (]: Began executing node model.ecom_dbt.dim_customer
[0m18:47:20.840474 [debug] [Thread-2 (]: Began executing node model.ecom_dbt.dim_product
[0m18:47:20.847213 [debug] [Thread-3 (]: Began executing node model.ecom_dbt.fct_order_items
[0m18:47:20.904568 [debug] [Thread-1 (]: Writing runtime sql for node "model.ecom_dbt.dim_customer"
[0m18:47:20.909511 [debug] [Thread-2 (]: Writing runtime sql for node "model.ecom_dbt.dim_product"
[0m18:47:20.912007 [debug] [Thread-3 (]: Writing runtime sql for node "model.ecom_dbt.fct_order_items"
[0m18:47:20.912960 [debug] [Thread-1 (]: Using postgres connection "model.ecom_dbt.dim_customer"
[0m18:47:20.913273 [debug] [Thread-1 (]: On model.ecom_dbt.dim_customer: BEGIN
[0m18:47:20.913567 [debug] [Thread-1 (]: Opening a new connection, currently in state closed
[0m18:47:20.913978 [debug] [Thread-2 (]: Using postgres connection "model.ecom_dbt.dim_product"
[0m18:47:20.914322 [debug] [Thread-2 (]: On model.ecom_dbt.dim_product: BEGIN
[0m18:47:20.914484 [debug] [Thread-2 (]: Opening a new connection, currently in state closed
[0m18:47:20.914761 [debug] [Thread-3 (]: Using postgres connection "model.ecom_dbt.fct_order_items"
[0m18:47:20.915034 [debug] [Thread-3 (]: On model.ecom_dbt.fct_order_items: BEGIN
[0m18:47:20.915755 [debug] [Thread-3 (]: Opening a new connection, currently in state closed
[0m18:47:21.158664 [debug] [Thread-1 (]: SQL status: BEGIN in 0.245 seconds
[0m18:47:21.159090 [debug] [Thread-1 (]: Using postgres connection "model.ecom_dbt.dim_customer"
[0m18:47:21.159277 [debug] [Thread-1 (]: On model.ecom_dbt.dim_customer: /* {"app": "dbt", "dbt_version": "1.8.2", "profile_name": "ecom_profile", "target_name": "dev", "node_id": "model.ecom_dbt.dim_customer"} */

  create view "ecom_warehouse"."staging_marts"."dim_customer__dbt_tmp"
    
    
  as (
    with snap as (
  select * from "ecom_warehouse"."snapshots"."snap_customers"
),
final as (
  select
    customer_id,
    full_name,
    email,
    city,
    segment,
    dbt_valid_from as valid_from,
    dbt_valid_to   as valid_to,
    case when dbt_valid_to is null then true else false end as is_current
  from snap
)
select * from final
  );
[0m18:47:21.159861 [debug] [Thread-3 (]: SQL status: BEGIN in 0.244 seconds
[0m18:47:21.160150 [debug] [Thread-2 (]: SQL status: BEGIN in 0.246 seconds
[0m18:47:21.160375 [debug] [Thread-3 (]: Using postgres connection "model.ecom_dbt.fct_order_items"
[0m18:47:21.160550 [debug] [Thread-2 (]: Using postgres connection "model.ecom_dbt.dim_product"
[0m18:47:21.160728 [debug] [Thread-3 (]: On model.ecom_dbt.fct_order_items: /* {"app": "dbt", "dbt_version": "1.8.2", "profile_name": "ecom_profile", "target_name": "dev", "node_id": "model.ecom_dbt.fct_order_items"} */

  create view "ecom_warehouse"."staging_marts"."fct_order_items__dbt_tmp"
    
    
  as (
    with oi as (select * from "ecom_warehouse"."staging_staging"."stg_order_items"),
o as (select * from "ecom_warehouse"."staging_staging"."stg_orders")
select
  o.order_ts::date as order_date,
  oi.order_id,
  oi.line_number,
  o.customer_id,
  oi.product_id,
  oi.quantity,
  oi.unit_price,
  oi.amount
from oi join o using(order_id)
  );
[0m18:47:21.160922 [debug] [Thread-2 (]: On model.ecom_dbt.dim_product: /* {"app": "dbt", "dbt_version": "1.8.2", "profile_name": "ecom_profile", "target_name": "dev", "node_id": "model.ecom_dbt.dim_product"} */

  create view "ecom_warehouse"."staging_marts"."dim_product__dbt_tmp"
    
    
  as (
    select product_id, name, category, price from "ecom_warehouse"."staging_staging"."stg_products"
  );
[0m18:47:21.173481 [debug] [Thread-1 (]: SQL status: CREATE VIEW in 0.014 seconds
[0m18:47:21.184629 [debug] [Thread-2 (]: SQL status: CREATE VIEW in 0.023 seconds
[0m18:47:21.191293 [debug] [Thread-3 (]: SQL status: CREATE VIEW in 0.030 seconds
[0m18:47:21.192045 [debug] [Thread-2 (]: Using postgres connection "model.ecom_dbt.dim_product"
[0m18:47:21.194066 [debug] [Thread-1 (]: Using postgres connection "model.ecom_dbt.dim_customer"
[0m18:47:21.196016 [debug] [Thread-3 (]: Using postgres connection "model.ecom_dbt.fct_order_items"
[0m18:47:21.196341 [debug] [Thread-2 (]: On model.ecom_dbt.dim_product: /* {"app": "dbt", "dbt_version": "1.8.2", "profile_name": "ecom_profile", "target_name": "dev", "node_id": "model.ecom_dbt.dim_product"} */
alter table "ecom_warehouse"."staging_marts"."dim_product__dbt_tmp" rename to "dim_product"
[0m18:47:21.196538 [debug] [Thread-1 (]: On model.ecom_dbt.dim_customer: /* {"app": "dbt", "dbt_version": "1.8.2", "profile_name": "ecom_profile", "target_name": "dev", "node_id": "model.ecom_dbt.dim_customer"} */
alter table "ecom_warehouse"."staging_marts"."dim_customer__dbt_tmp" rename to "dim_customer"
[0m18:47:21.196713 [debug] [Thread-3 (]: On model.ecom_dbt.fct_order_items: /* {"app": "dbt", "dbt_version": "1.8.2", "profile_name": "ecom_profile", "target_name": "dev", "node_id": "model.ecom_dbt.fct_order_items"} */
alter table "ecom_warehouse"."staging_marts"."fct_order_items__dbt_tmp" rename to "fct_order_items"
[0m18:47:21.198486 [debug] [Thread-2 (]: SQL status: ALTER TABLE in 0.002 seconds
[0m18:47:21.198791 [debug] [Thread-1 (]: SQL status: ALTER TABLE in 0.002 seconds
[0m18:47:21.199016 [debug] [Thread-3 (]: SQL status: ALTER TABLE in 0.002 seconds
[0m18:47:21.211933 [debug] [Thread-2 (]: On model.ecom_dbt.dim_product: COMMIT
[0m18:47:21.212993 [debug] [Thread-1 (]: On model.ecom_dbt.dim_customer: COMMIT
[0m18:47:21.216106 [debug] [Thread-3 (]: On model.ecom_dbt.fct_order_items: COMMIT
[0m18:47:21.216391 [debug] [Thread-2 (]: Using postgres connection "model.ecom_dbt.dim_product"
[0m18:47:21.216575 [debug] [Thread-1 (]: Using postgres connection "model.ecom_dbt.dim_customer"
[0m18:47:21.216723 [debug] [Thread-3 (]: Using postgres connection "model.ecom_dbt.fct_order_items"
[0m18:47:21.217016 [debug] [Thread-2 (]: On model.ecom_dbt.dim_product: COMMIT
[0m18:47:21.217487 [debug] [Thread-1 (]: On model.ecom_dbt.dim_customer: COMMIT
[0m18:47:21.217728 [debug] [Thread-3 (]: On model.ecom_dbt.fct_order_items: COMMIT
[0m18:47:21.219825 [debug] [Thread-1 (]: SQL status: COMMIT in 0.002 seconds
[0m18:47:21.220134 [debug] [Thread-3 (]: SQL status: COMMIT in 0.002 seconds
[0m18:47:21.225274 [debug] [Thread-1 (]: Applying DROP to: "ecom_warehouse"."staging_marts"."dim_customer__dbt_backup"
[0m18:47:21.225636 [debug] [Thread-2 (]: SQL status: COMMIT in 0.008 seconds
[0m18:47:21.227384 [debug] [Thread-3 (]: Applying DROP to: "ecom_warehouse"."staging_marts"."fct_order_items__dbt_backup"
[0m18:47:21.232041 [debug] [Thread-1 (]: Using postgres connection "model.ecom_dbt.dim_customer"
[0m18:47:21.233457 [debug] [Thread-2 (]: Applying DROP to: "ecom_warehouse"."staging_marts"."dim_product__dbt_backup"
[0m18:47:21.233868 [debug] [Thread-3 (]: Using postgres connection "model.ecom_dbt.fct_order_items"
[0m18:47:21.234050 [debug] [Thread-1 (]: On model.ecom_dbt.dim_customer: /* {"app": "dbt", "dbt_version": "1.8.2", "profile_name": "ecom_profile", "target_name": "dev", "node_id": "model.ecom_dbt.dim_customer"} */
drop view if exists "ecom_warehouse"."staging_marts"."dim_customer__dbt_backup" cascade
[0m18:47:21.234372 [debug] [Thread-2 (]: Using postgres connection "model.ecom_dbt.dim_product"
[0m18:47:21.234527 [debug] [Thread-3 (]: On model.ecom_dbt.fct_order_items: /* {"app": "dbt", "dbt_version": "1.8.2", "profile_name": "ecom_profile", "target_name": "dev", "node_id": "model.ecom_dbt.fct_order_items"} */
drop view if exists "ecom_warehouse"."staging_marts"."fct_order_items__dbt_backup" cascade
[0m18:47:21.234905 [debug] [Thread-2 (]: On model.ecom_dbt.dim_product: /* {"app": "dbt", "dbt_version": "1.8.2", "profile_name": "ecom_profile", "target_name": "dev", "node_id": "model.ecom_dbt.dim_product"} */
drop view if exists "ecom_warehouse"."staging_marts"."dim_product__dbt_backup" cascade
[0m18:47:21.236880 [debug] [Thread-1 (]: SQL status: DROP VIEW in 0.002 seconds
[0m18:47:21.237206 [debug] [Thread-3 (]: SQL status: DROP VIEW in 0.002 seconds
[0m18:47:21.239548 [debug] [Thread-1 (]: On model.ecom_dbt.dim_customer: Close
[0m18:47:21.241174 [debug] [Thread-3 (]: On model.ecom_dbt.fct_order_items: Close
[0m18:47:21.242234 [debug] [Thread-2 (]: SQL status: DROP VIEW in 0.006 seconds
[0m18:47:21.245190 [debug] [Thread-1 (]: Sending event: {'category': 'dbt', 'action': 'run_model', 'label': '2b41fec5-03d4-4503-86b8-ed3eafce8a20', 'context': [<snowplow_tracker.self_describing_json.SelfDescribingJson object at 0x1129515d0>]}
[0m18:47:21.247450 [debug] [Thread-2 (]: On model.ecom_dbt.dim_product: Close
[0m18:47:21.248018 [debug] [Thread-3 (]: Sending event: {'category': 'dbt', 'action': 'run_model', 'label': '2b41fec5-03d4-4503-86b8-ed3eafce8a20', 'context': [<snowplow_tracker.self_describing_json.SelfDescribingJson object at 0x112c6bed0>]}
[0m18:47:21.248528 [info ] [Thread-1 (]: 1 of 4 OK created sql view model staging_marts.dim_customer .................... [[32mCREATE VIEW[0m in 0.42s]
[0m18:47:21.249054 [debug] [Thread-2 (]: Sending event: {'category': 'dbt', 'action': 'run_model', 'label': '2b41fec5-03d4-4503-86b8-ed3eafce8a20', 'context': [<snowplow_tracker.self_describing_json.SelfDescribingJson object at 0x111b829d0>]}
[0m18:47:21.249442 [debug] [Thread-1 (]: Finished running node model.ecom_dbt.dim_customer
[0m18:47:21.250234 [info ] [Thread-3 (]: 3 of 4 OK created sql view model staging_marts.fct_order_items ................. [[32mCREATE VIEW[0m in 0.42s]
[0m18:47:21.251293 [info ] [Thread-2 (]: 2 of 4 OK created sql view model staging_marts.dim_product ..................... [[32mCREATE VIEW[0m in 0.43s]
[0m18:47:21.252405 [debug] [Thread-3 (]: Finished running node model.ecom_dbt.fct_order_items
[0m18:47:21.253548 [debug] [Thread-2 (]: Finished running node model.ecom_dbt.dim_product
[0m18:47:21.254556 [debug] [Thread-4 (]: Began running node model.ecom_dbt.fct_daily_sales
[0m18:47:21.254958 [info ] [Thread-4 (]: 4 of 4 START sql view model staging_marts.fct_daily_sales ...................... [RUN]
[0m18:47:21.255911 [debug] [Thread-4 (]: Acquiring new postgres connection 'model.ecom_dbt.fct_daily_sales'
[0m18:47:21.256734 [debug] [Thread-4 (]: Began compiling node model.ecom_dbt.fct_daily_sales
[0m18:47:21.259808 [debug] [Thread-4 (]: Writing injected SQL for node "model.ecom_dbt.fct_daily_sales"
[0m18:47:21.260595 [debug] [Thread-4 (]: Began executing node model.ecom_dbt.fct_daily_sales
[0m18:47:21.262972 [debug] [Thread-4 (]: Writing runtime sql for node "model.ecom_dbt.fct_daily_sales"
[0m18:47:21.263513 [debug] [Thread-4 (]: Using postgres connection "model.ecom_dbt.fct_daily_sales"
[0m18:47:21.263708 [debug] [Thread-4 (]: On model.ecom_dbt.fct_daily_sales: BEGIN
[0m18:47:21.263859 [debug] [Thread-4 (]: Opening a new connection, currently in state init
[0m18:47:21.292719 [debug] [Thread-4 (]: SQL status: BEGIN in 0.029 seconds
[0m18:47:21.293038 [debug] [Thread-4 (]: Using postgres connection "model.ecom_dbt.fct_daily_sales"
[0m18:47:21.293218 [debug] [Thread-4 (]: On model.ecom_dbt.fct_daily_sales: /* {"app": "dbt", "dbt_version": "1.8.2", "profile_name": "ecom_profile", "target_name": "dev", "node_id": "model.ecom_dbt.fct_daily_sales"} */

  create view "ecom_warehouse"."staging_marts"."fct_daily_sales__dbt_tmp"
    
    
  as (
    with f as (select * from "ecom_warehouse"."staging_marts"."fct_order_items")
select
  order_date,
  sum(amount) as gross_sales,
  count(distinct order_id) as orders,
  sum(quantity) as units
from f
group by 1
order by 1
  );
[0m18:47:21.300335 [debug] [Thread-4 (]: SQL status: CREATE VIEW in 0.007 seconds
[0m18:47:21.303143 [debug] [Thread-4 (]: Using postgres connection "model.ecom_dbt.fct_daily_sales"
[0m18:47:21.303469 [debug] [Thread-4 (]: On model.ecom_dbt.fct_daily_sales: /* {"app": "dbt", "dbt_version": "1.8.2", "profile_name": "ecom_profile", "target_name": "dev", "node_id": "model.ecom_dbt.fct_daily_sales"} */
alter table "ecom_warehouse"."staging_marts"."fct_daily_sales__dbt_tmp" rename to "fct_daily_sales"
[0m18:47:21.304843 [debug] [Thread-4 (]: SQL status: ALTER TABLE in 0.001 seconds
[0m18:47:21.305930 [debug] [Thread-4 (]: On model.ecom_dbt.fct_daily_sales: COMMIT
[0m18:47:21.306160 [debug] [Thread-4 (]: Using postgres connection "model.ecom_dbt.fct_daily_sales"
[0m18:47:21.306314 [debug] [Thread-4 (]: On model.ecom_dbt.fct_daily_sales: COMMIT
[0m18:47:21.307563 [debug] [Thread-4 (]: SQL status: COMMIT in 0.001 seconds
[0m18:47:21.309080 [debug] [Thread-4 (]: Applying DROP to: "ecom_warehouse"."staging_marts"."fct_daily_sales__dbt_backup"
[0m18:47:21.309457 [debug] [Thread-4 (]: Using postgres connection "model.ecom_dbt.fct_daily_sales"
[0m18:47:21.309607 [debug] [Thread-4 (]: On model.ecom_dbt.fct_daily_sales: /* {"app": "dbt", "dbt_version": "1.8.2", "profile_name": "ecom_profile", "target_name": "dev", "node_id": "model.ecom_dbt.fct_daily_sales"} */
drop view if exists "ecom_warehouse"."staging_marts"."fct_daily_sales__dbt_backup" cascade
[0m18:47:21.310585 [debug] [Thread-4 (]: SQL status: DROP VIEW in 0.001 seconds
[0m18:47:21.312294 [debug] [Thread-4 (]: On model.ecom_dbt.fct_daily_sales: Close
[0m18:47:21.312668 [debug] [Thread-4 (]: Sending event: {'category': 'dbt', 'action': 'run_model', 'label': '2b41fec5-03d4-4503-86b8-ed3eafce8a20', 'context': [<snowplow_tracker.self_describing_json.SelfDescribingJson object at 0x1129d8c10>]}
[0m18:47:21.313018 [info ] [Thread-4 (]: 4 of 4 OK created sql view model staging_marts.fct_daily_sales ................. [[32mCREATE VIEW[0m in 0.06s]
[0m18:47:21.313308 [debug] [Thread-4 (]: Finished running node model.ecom_dbt.fct_daily_sales
[0m18:47:21.314752 [debug] [MainThread]: Using postgres connection "master"
[0m18:47:21.315274 [debug] [MainThread]: On master: BEGIN
[0m18:47:21.315480 [debug] [MainThread]: Opening a new connection, currently in state closed
[0m18:47:21.324493 [debug] [MainThread]: SQL status: BEGIN in 0.009 seconds
[0m18:47:21.324780 [debug] [MainThread]: On master: COMMIT
[0m18:47:21.325048 [debug] [MainThread]: Using postgres connection "master"
[0m18:47:21.325247 [debug] [MainThread]: On master: COMMIT
[0m18:47:21.325960 [debug] [MainThread]: SQL status: COMMIT in 0.001 seconds
[0m18:47:21.326174 [debug] [MainThread]: On master: Close
[0m18:47:21.326409 [debug] [MainThread]: Connection 'master' was properly closed.
[0m18:47:21.326539 [debug] [MainThread]: Connection 'model.ecom_dbt.dim_customer' was properly closed.
[0m18:47:21.326652 [debug] [MainThread]: Connection 'model.ecom_dbt.dim_product' was properly closed.
[0m18:47:21.326763 [debug] [MainThread]: Connection 'model.ecom_dbt.fct_order_items' was properly closed.
[0m18:47:21.327030 [debug] [MainThread]: Connection 'model.ecom_dbt.fct_daily_sales' was properly closed.
[0m18:47:21.327583 [info ] [MainThread]: 
[0m18:47:21.328118 [info ] [MainThread]: Finished running 4 view models in 0 hours 0 minutes and 1.19 seconds (1.19s).
[0m18:47:21.329158 [debug] [MainThread]: Command end result
[0m18:47:21.354539 [info ] [MainThread]: 
[0m18:47:21.354910 [info ] [MainThread]: [32mCompleted successfully[0m
[0m18:47:21.355076 [info ] [MainThread]: 
[0m18:47:21.355242 [info ] [MainThread]: Done. PASS=4 WARN=0 ERROR=0 SKIP=0 TOTAL=4
[0m18:47:21.358617 [debug] [MainThread]: Resource report: {"command_name": "run", "command_success": true, "command_wall_clock_time": 1.5823605, "process_user_time": 1.20245, "process_kernel_time": 0.275678, "process_mem_max_rss": "121241600", "process_in_blocks": "0", "process_out_blocks": "0"}
[0m18:47:21.359265 [debug] [MainThread]: Command `dbt run` succeeded at 18:47:21.359103 after 1.58 seconds
[0m18:47:21.359910 [debug] [MainThread]: Sending event: {'category': 'dbt', 'action': 'invocation', 'label': 'end', 'context': [<snowplow_tracker.self_describing_json.SelfDescribingJson object at 0x111b3f950>, <snowplow_tracker.self_describing_json.SelfDescribingJson object at 0x1118fc050>, <snowplow_tracker.self_describing_json.SelfDescribingJson object at 0x1028523d0>]}
[0m18:47:21.360162 [debug] [MainThread]: Flushing usage events
[0m18:47:26.167894 [debug] [MainThread]: Sending event: {'category': 'dbt', 'action': 'invocation', 'label': 'start', 'context': [<snowplow_tracker.self_describing_json.SelfDescribingJson object at 0x1127ff4d0>, <snowplow_tracker.self_describing_json.SelfDescribingJson object at 0x11286d1d0>, <snowplow_tracker.self_describing_json.SelfDescribingJson object at 0x11286da50>]}


============================== 18:47:26.171652 | 72449997-9b43-4aab-8519-7223c2366556 ==============================
[0m18:47:26.171652 [info ] [MainThread]: Running with dbt=1.8.2
[0m18:47:26.172001 [debug] [MainThread]: running dbt with arguments {'printer_width': '80', 'indirect_selection': 'eager', 'write_json': 'True', 'log_cache_events': 'False', 'partial_parse': 'True', 'cache_selected_only': 'False', 'profiles_dir': '/Users/ivan/downloads/de-ecommerce-warehouse/dbt', 'debug': 'False', 'warn_error': 'None', 'log_path': 'dbt/logs', 'version_check': 'True', 'fail_fast': 'False', 'use_colors': 'True', 'use_experimental_parser': 'False', 'no_print': 'None', 'quiet': 'False', 'warn_error_options': 'WarnErrorOptions(include=[], exclude=[])', 'static_parser': 'True', 'introspect': 'True', 'invocation_command': 'dbt test --project-dir dbt', 'target_path': 'None', 'log_format': 'default', 'send_anonymous_usage_stats': 'True'}
[0m18:47:26.249845 [debug] [MainThread]: Sending event: {'category': 'dbt', 'action': 'project_id', 'label': '72449997-9b43-4aab-8519-7223c2366556', 'context': [<snowplow_tracker.self_describing_json.SelfDescribingJson object at 0x11286ce90>]}
[0m18:47:26.274943 [debug] [MainThread]: Sending event: {'category': 'dbt', 'action': 'adapter_info', 'label': '72449997-9b43-4aab-8519-7223c2366556', 'context': [<snowplow_tracker.self_describing_json.SelfDescribingJson object at 0x1077af690>]}
[0m18:47:26.275907 [info ] [MainThread]: Registered adapter: postgres=1.8.2
[0m18:47:26.333935 [debug] [MainThread]: checksum: f0a141b9de567cb7f131613ba2682f40b3a1c6a157f81c6e5435862eff68f109, vars: {}, profile: , target: , version: 1.8.2
[0m18:47:26.410470 [debug] [MainThread]: Partial parsing enabled: 0 files deleted, 0 files added, 0 files changed.
[0m18:47:26.410848 [debug] [MainThread]: Partial parsing enabled, no changes found, skipping parsing
[0m18:47:26.434133 [debug] [MainThread]: Sending event: {'category': 'dbt', 'action': 'load_project', 'label': '72449997-9b43-4aab-8519-7223c2366556', 'context': [<snowplow_tracker.self_describing_json.SelfDescribingJson object at 0x11346c2d0>]}
[0m18:47:26.504312 [debug] [MainThread]: Sending event: {'category': 'dbt', 'action': 'resource_counts', 'label': '72449997-9b43-4aab-8519-7223c2366556', 'context': [<snowplow_tracker.self_describing_json.SelfDescribingJson object at 0x113773ed0>]}
[0m18:47:26.504602 [info ] [MainThread]: Found 1 snapshot, 8 models, 11 data tests, 428 macros
[0m18:47:26.504764 [debug] [MainThread]: Sending event: {'category': 'dbt', 'action': 'runnable_timing', 'label': '72449997-9b43-4aab-8519-7223c2366556', 'context': [<snowplow_tracker.self_describing_json.SelfDescribingJson object at 0x11345a610>]}
[0m18:47:26.505844 [info ] [MainThread]: 
[0m18:47:26.506114 [debug] [MainThread]: Acquiring new postgres connection 'master'
[0m18:47:26.508027 [debug] [ThreadPool]: Acquiring new postgres connection 'list_ecom_warehouse_snapshots'
[0m18:47:26.508510 [debug] [ThreadPool]: Acquiring new postgres connection 'list_ecom_warehouse_staging_staging'
[0m18:47:26.508902 [debug] [ThreadPool]: Acquiring new postgres connection 'list_ecom_warehouse_staging_marts'
[0m18:47:26.541562 [debug] [ThreadPool]: Using postgres connection "list_ecom_warehouse_snapshots"
[0m18:47:26.541850 [debug] [ThreadPool]: Using postgres connection "list_ecom_warehouse_staging_staging"
[0m18:47:26.542088 [debug] [ThreadPool]: Using postgres connection "list_ecom_warehouse_staging_marts"
[0m18:47:26.542264 [debug] [ThreadPool]: On list_ecom_warehouse_snapshots: BEGIN
[0m18:47:26.542490 [debug] [ThreadPool]: On list_ecom_warehouse_staging_staging: BEGIN
[0m18:47:26.542651 [debug] [ThreadPool]: On list_ecom_warehouse_staging_marts: BEGIN
[0m18:47:26.542858 [debug] [ThreadPool]: Opening a new connection, currently in state init
[0m18:47:26.543030 [debug] [ThreadPool]: Opening a new connection, currently in state init
[0m18:47:26.543210 [debug] [ThreadPool]: Opening a new connection, currently in state init
[0m18:47:26.578671 [debug] [ThreadPool]: SQL status: BEGIN in 0.036 seconds
[0m18:47:26.578954 [debug] [ThreadPool]: SQL status: BEGIN in 0.036 seconds
[0m18:47:26.579194 [debug] [ThreadPool]: SQL status: BEGIN in 0.036 seconds
[0m18:47:26.579458 [debug] [ThreadPool]: Using postgres connection "list_ecom_warehouse_snapshots"
[0m18:47:26.579701 [debug] [ThreadPool]: Using postgres connection "list_ecom_warehouse_staging_staging"
[0m18:47:26.579874 [debug] [ThreadPool]: Using postgres connection "list_ecom_warehouse_staging_marts"
[0m18:47:26.580071 [debug] [ThreadPool]: On list_ecom_warehouse_snapshots: /* {"app": "dbt", "dbt_version": "1.8.2", "profile_name": "ecom_profile", "target_name": "dev", "connection_name": "list_ecom_warehouse_snapshots"} */
select
      'ecom_warehouse' as database,
      tablename as name,
      schemaname as schema,
      'table' as type
    from pg_tables
    where schemaname ilike 'snapshots'
    union all
    select
      'ecom_warehouse' as database,
      viewname as name,
      schemaname as schema,
      'view' as type
    from pg_views
    where schemaname ilike 'snapshots'
    union all
    select
      'ecom_warehouse' as database,
      matviewname as name,
      schemaname as schema,
      'materialized_view' as type
    from pg_matviews
    where schemaname ilike 'snapshots'
  
[0m18:47:26.580302 [debug] [ThreadPool]: On list_ecom_warehouse_staging_staging: /* {"app": "dbt", "dbt_version": "1.8.2", "profile_name": "ecom_profile", "target_name": "dev", "connection_name": "list_ecom_warehouse_staging_staging"} */
select
      'ecom_warehouse' as database,
      tablename as name,
      schemaname as schema,
      'table' as type
    from pg_tables
    where schemaname ilike 'staging_staging'
    union all
    select
      'ecom_warehouse' as database,
      viewname as name,
      schemaname as schema,
      'view' as type
    from pg_views
    where schemaname ilike 'staging_staging'
    union all
    select
      'ecom_warehouse' as database,
      matviewname as name,
      schemaname as schema,
      'materialized_view' as type
    from pg_matviews
    where schemaname ilike 'staging_staging'
  
[0m18:47:26.580559 [debug] [ThreadPool]: On list_ecom_warehouse_staging_marts: /* {"app": "dbt", "dbt_version": "1.8.2", "profile_name": "ecom_profile", "target_name": "dev", "connection_name": "list_ecom_warehouse_staging_marts"} */
select
      'ecom_warehouse' as database,
      tablename as name,
      schemaname as schema,
      'table' as type
    from pg_tables
    where schemaname ilike 'staging_marts'
    union all
    select
      'ecom_warehouse' as database,
      viewname as name,
      schemaname as schema,
      'view' as type
    from pg_views
    where schemaname ilike 'staging_marts'
    union all
    select
      'ecom_warehouse' as database,
      matviewname as name,
      schemaname as schema,
      'materialized_view' as type
    from pg_matviews
    where schemaname ilike 'staging_marts'
  
[0m18:47:26.588692 [debug] [ThreadPool]: SQL status: SELECT 4 in 0.008 seconds
[0m18:47:26.588919 [debug] [ThreadPool]: SQL status: SELECT 1 in 0.008 seconds
[0m18:47:26.589728 [debug] [ThreadPool]: On list_ecom_warehouse_staging_staging: ROLLBACK
[0m18:47:26.590283 [debug] [ThreadPool]: On list_ecom_warehouse_snapshots: ROLLBACK
[0m18:47:26.590480 [debug] [ThreadPool]: SQL status: SELECT 4 in 0.010 seconds
[0m18:47:26.591348 [debug] [ThreadPool]: On list_ecom_warehouse_staging_marts: ROLLBACK
[0m18:47:26.591542 [debug] [ThreadPool]: On list_ecom_warehouse_snapshots: Close
[0m18:47:26.591706 [debug] [ThreadPool]: On list_ecom_warehouse_staging_staging: Close
[0m18:47:26.593407 [debug] [ThreadPool]: On list_ecom_warehouse_staging_marts: Close
[0m18:47:26.596899 [debug] [MainThread]: Using postgres connection "master"
[0m18:47:26.597147 [debug] [MainThread]: On master: BEGIN
[0m18:47:26.597288 [debug] [MainThread]: Opening a new connection, currently in state init
[0m18:47:26.608341 [debug] [MainThread]: SQL status: BEGIN in 0.011 seconds
[0m18:47:26.608560 [debug] [MainThread]: Using postgres connection "master"
[0m18:47:26.608773 [debug] [MainThread]: On master: /* {"app": "dbt", "dbt_version": "1.8.2", "profile_name": "ecom_profile", "target_name": "dev", "connection_name": "master"} */
with relation as (
        select
            pg_rewrite.ev_class as class,
            pg_rewrite.oid as id
        from pg_rewrite
    ),
    class as (
        select
            oid as id,
            relname as name,
            relnamespace as schema,
            relkind as kind
        from pg_class
    ),
    dependency as (
        select distinct
            pg_depend.objid as id,
            pg_depend.refobjid as ref
        from pg_depend
    ),
    schema as (
        select
            pg_namespace.oid as id,
            pg_namespace.nspname as name
        from pg_namespace
        where nspname != 'information_schema' and nspname not like 'pg\_%'
    ),
    referenced as (
        select
            relation.id AS id,
            referenced_class.name ,
            referenced_class.schema ,
            referenced_class.kind
        from relation
        join class as referenced_class on relation.class=referenced_class.id
        where referenced_class.kind in ('r', 'v', 'm')
    ),
    relationships as (
        select
            referenced.name as referenced_name,
            referenced.schema as referenced_schema_id,
            dependent_class.name as dependent_name,
            dependent_class.schema as dependent_schema_id,
            referenced.kind as kind
        from referenced
        join dependency on referenced.id=dependency.id
        join class as dependent_class on dependency.ref=dependent_class.id
        where
            (referenced.name != dependent_class.name or
             referenced.schema != dependent_class.schema)
    )

    select
        referenced_schema.name as referenced_schema,
        relationships.referenced_name as referenced_name,
        dependent_schema.name as dependent_schema,
        relationships.dependent_name as dependent_name
    from relationships
    join schema as dependent_schema on relationships.dependent_schema_id=dependent_schema.id
    join schema as referenced_schema on relationships.referenced_schema_id=referenced_schema.id
    group by referenced_schema, referenced_name, dependent_schema, dependent_name
    order by referenced_schema, referenced_name, dependent_schema, dependent_name;
[0m18:47:26.620385 [debug] [MainThread]: SQL status: SELECT 9 in 0.011 seconds
[0m18:47:26.621745 [debug] [MainThread]: Sending event: {'category': 'dbt', 'action': 'runnable_timing', 'label': '72449997-9b43-4aab-8519-7223c2366556', 'context': [<snowplow_tracker.self_describing_json.SelfDescribingJson object at 0x113650c50>]}
[0m18:47:26.622066 [debug] [MainThread]: On master: ROLLBACK
[0m18:47:26.622904 [debug] [MainThread]: Using postgres connection "master"
[0m18:47:26.623149 [debug] [MainThread]: On master: BEGIN
[0m18:47:26.625622 [debug] [MainThread]: SQL status: BEGIN in 0.002 seconds
[0m18:47:26.625890 [debug] [MainThread]: On master: COMMIT
[0m18:47:26.626029 [debug] [MainThread]: Using postgres connection "master"
[0m18:47:26.626165 [debug] [MainThread]: On master: COMMIT
[0m18:47:26.626886 [debug] [MainThread]: SQL status: COMMIT in 0.001 seconds
[0m18:47:26.627096 [debug] [MainThread]: On master: Close
[0m18:47:26.627371 [info ] [MainThread]: Concurrency: 4 threads (target='dev')
[0m18:47:26.627563 [info ] [MainThread]: 
[0m18:47:26.629439 [debug] [Thread-1 (]: Began running node test.ecom_dbt.not_null_stg_customers_customer_id.e2cfb1f9aa
[0m18:47:26.629729 [debug] [Thread-2 (]: Began running node test.ecom_dbt.not_null_stg_customers_email.d7cf761533
[0m18:47:26.630008 [debug] [Thread-3 (]: Began running node test.ecom_dbt.not_null_stg_order_items_line_number.98cc63d226
[0m18:47:26.630340 [debug] [Thread-4 (]: Began running node test.ecom_dbt.not_null_stg_order_items_order_id.2063801f96
[0m18:47:26.630602 [info ] [Thread-1 (]: 1 of 11 START test not_null_stg_customers_customer_id .......................... [RUN]
[0m18:47:26.630884 [info ] [Thread-2 (]: 2 of 11 START test not_null_stg_customers_email ................................ [RUN]
[0m18:47:26.631174 [info ] [Thread-3 (]: 3 of 11 START test not_null_stg_order_items_line_number ........................ [RUN]
[0m18:47:26.631400 [info ] [Thread-4 (]: 4 of 11 START test not_null_stg_order_items_order_id ........................... [RUN]
[0m18:47:26.631678 [debug] [Thread-1 (]: Re-using an available connection from the pool (formerly list_ecom_warehouse_snapshots, now test.ecom_dbt.not_null_stg_customers_customer_id.e2cfb1f9aa)
[0m18:47:26.632005 [debug] [Thread-2 (]: Re-using an available connection from the pool (formerly list_ecom_warehouse_staging_staging, now test.ecom_dbt.not_null_stg_customers_email.d7cf761533)
[0m18:47:26.632256 [debug] [Thread-3 (]: Re-using an available connection from the pool (formerly list_ecom_warehouse_staging_marts, now test.ecom_dbt.not_null_stg_order_items_line_number.98cc63d226)
[0m18:47:26.632518 [debug] [Thread-4 (]: Acquiring new postgres connection 'test.ecom_dbt.not_null_stg_order_items_order_id.2063801f96'
[0m18:47:26.632726 [debug] [Thread-1 (]: Began compiling node test.ecom_dbt.not_null_stg_customers_customer_id.e2cfb1f9aa
[0m18:47:26.632897 [debug] [Thread-2 (]: Began compiling node test.ecom_dbt.not_null_stg_customers_email.d7cf761533
[0m18:47:26.633063 [debug] [Thread-3 (]: Began compiling node test.ecom_dbt.not_null_stg_order_items_line_number.98cc63d226
[0m18:47:26.633247 [debug] [Thread-4 (]: Began compiling node test.ecom_dbt.not_null_stg_order_items_order_id.2063801f96
[0m18:47:26.644186 [debug] [Thread-2 (]: Writing injected SQL for node "test.ecom_dbt.not_null_stg_customers_email.d7cf761533"
[0m18:47:26.645131 [debug] [Thread-1 (]: Writing injected SQL for node "test.ecom_dbt.not_null_stg_customers_customer_id.e2cfb1f9aa"
[0m18:47:26.647004 [debug] [Thread-3 (]: Writing injected SQL for node "test.ecom_dbt.not_null_stg_order_items_line_number.98cc63d226"
[0m18:47:26.648772 [debug] [Thread-4 (]: Writing injected SQL for node "test.ecom_dbt.not_null_stg_order_items_order_id.2063801f96"
[0m18:47:26.649526 [debug] [Thread-1 (]: Began executing node test.ecom_dbt.not_null_stg_customers_customer_id.e2cfb1f9aa
[0m18:47:26.649701 [debug] [Thread-3 (]: Began executing node test.ecom_dbt.not_null_stg_order_items_line_number.98cc63d226
[0m18:47:26.656276 [debug] [Thread-2 (]: Began executing node test.ecom_dbt.not_null_stg_customers_email.d7cf761533
[0m18:47:26.656480 [debug] [Thread-4 (]: Began executing node test.ecom_dbt.not_null_stg_order_items_order_id.2063801f96
[0m18:47:26.658082 [debug] [Thread-1 (]: Writing runtime sql for node "test.ecom_dbt.not_null_stg_customers_customer_id.e2cfb1f9aa"
[0m18:47:26.659716 [debug] [Thread-3 (]: Writing runtime sql for node "test.ecom_dbt.not_null_stg_order_items_line_number.98cc63d226"
[0m18:47:26.661109 [debug] [Thread-2 (]: Writing runtime sql for node "test.ecom_dbt.not_null_stg_customers_email.d7cf761533"
[0m18:47:26.662443 [debug] [Thread-4 (]: Writing runtime sql for node "test.ecom_dbt.not_null_stg_order_items_order_id.2063801f96"
[0m18:47:26.663231 [debug] [Thread-3 (]: Using postgres connection "test.ecom_dbt.not_null_stg_order_items_line_number.98cc63d226"
[0m18:47:26.663484 [debug] [Thread-2 (]: Using postgres connection "test.ecom_dbt.not_null_stg_customers_email.d7cf761533"
[0m18:47:26.663695 [debug] [Thread-3 (]: On test.ecom_dbt.not_null_stg_order_items_line_number.98cc63d226: BEGIN
[0m18:47:26.663876 [debug] [Thread-4 (]: Using postgres connection "test.ecom_dbt.not_null_stg_order_items_order_id.2063801f96"
[0m18:47:26.664069 [debug] [Thread-1 (]: Using postgres connection "test.ecom_dbt.not_null_stg_customers_customer_id.e2cfb1f9aa"
[0m18:47:26.664285 [debug] [Thread-2 (]: On test.ecom_dbt.not_null_stg_customers_email.d7cf761533: BEGIN
[0m18:47:26.664466 [debug] [Thread-3 (]: Opening a new connection, currently in state closed
[0m18:47:26.664656 [debug] [Thread-4 (]: On test.ecom_dbt.not_null_stg_order_items_order_id.2063801f96: BEGIN
[0m18:47:26.664852 [debug] [Thread-1 (]: On test.ecom_dbt.not_null_stg_customers_customer_id.e2cfb1f9aa: BEGIN
[0m18:47:26.665022 [debug] [Thread-2 (]: Opening a new connection, currently in state closed
[0m18:47:26.665338 [debug] [Thread-4 (]: Opening a new connection, currently in state init
[0m18:47:26.665546 [debug] [Thread-1 (]: Opening a new connection, currently in state closed
[0m18:47:26.681334 [debug] [Thread-3 (]: SQL status: BEGIN in 0.017 seconds
[0m18:47:26.681755 [debug] [Thread-3 (]: Using postgres connection "test.ecom_dbt.not_null_stg_order_items_line_number.98cc63d226"
[0m18:47:26.681953 [debug] [Thread-3 (]: On test.ecom_dbt.not_null_stg_order_items_line_number.98cc63d226: /* {"app": "dbt", "dbt_version": "1.8.2", "profile_name": "ecom_profile", "target_name": "dev", "node_id": "test.ecom_dbt.not_null_stg_order_items_line_number.98cc63d226"} */
select
      count(*) as failures,
      count(*) != 0 as should_warn,
      count(*) != 0 as should_error
    from (
      
    
    



select line_number
from "ecom_warehouse"."staging_staging"."stg_order_items"
where line_number is null



      
    ) dbt_internal_test
[0m18:47:26.683011 [debug] [Thread-4 (]: SQL status: BEGIN in 0.018 seconds
[0m18:47:26.683180 [debug] [Thread-4 (]: Using postgres connection "test.ecom_dbt.not_null_stg_order_items_order_id.2063801f96"
[0m18:47:26.683349 [debug] [Thread-4 (]: On test.ecom_dbt.not_null_stg_order_items_order_id.2063801f96: /* {"app": "dbt", "dbt_version": "1.8.2", "profile_name": "ecom_profile", "target_name": "dev", "node_id": "test.ecom_dbt.not_null_stg_order_items_order_id.2063801f96"} */
select
      count(*) as failures,
      count(*) != 0 as should_warn,
      count(*) != 0 as should_error
    from (
      
    
    



select order_id
from "ecom_warehouse"."staging_staging"."stg_order_items"
where order_id is null



      
    ) dbt_internal_test
[0m18:47:26.683594 [debug] [Thread-1 (]: SQL status: BEGIN in 0.018 seconds
[0m18:47:26.683859 [debug] [Thread-2 (]: SQL status: BEGIN in 0.019 seconds
[0m18:47:26.684207 [debug] [Thread-1 (]: Using postgres connection "test.ecom_dbt.not_null_stg_customers_customer_id.e2cfb1f9aa"
[0m18:47:26.684437 [debug] [Thread-3 (]: SQL status: SELECT 1 in 0.002 seconds
[0m18:47:26.684704 [debug] [Thread-2 (]: Using postgres connection "test.ecom_dbt.not_null_stg_customers_email.d7cf761533"
[0m18:47:26.684919 [debug] [Thread-1 (]: On test.ecom_dbt.not_null_stg_customers_customer_id.e2cfb1f9aa: /* {"app": "dbt", "dbt_version": "1.8.2", "profile_name": "ecom_profile", "target_name": "dev", "node_id": "test.ecom_dbt.not_null_stg_customers_customer_id.e2cfb1f9aa"} */
select
      count(*) as failures,
      count(*) != 0 as should_warn,
      count(*) != 0 as should_error
    from (
      
    
    



select customer_id
from "ecom_warehouse"."staging_staging"."stg_customers"
where customer_id is null



      
    ) dbt_internal_test
[0m18:47:26.687620 [debug] [Thread-3 (]: On test.ecom_dbt.not_null_stg_order_items_line_number.98cc63d226: ROLLBACK
[0m18:47:26.687937 [debug] [Thread-2 (]: On test.ecom_dbt.not_null_stg_customers_email.d7cf761533: /* {"app": "dbt", "dbt_version": "1.8.2", "profile_name": "ecom_profile", "target_name": "dev", "node_id": "test.ecom_dbt.not_null_stg_customers_email.d7cf761533"} */
select
      count(*) as failures,
      count(*) != 0 as should_warn,
      count(*) != 0 as should_error
    from (
      
    
    



select email
from "ecom_warehouse"."staging_staging"."stg_customers"
where email is null



      
    ) dbt_internal_test
[0m18:47:26.688909 [debug] [Thread-3 (]: On test.ecom_dbt.not_null_stg_order_items_line_number.98cc63d226: Close
[0m18:47:26.689397 [info ] [Thread-3 (]: 3 of 11 PASS not_null_stg_order_items_line_number .............................. [[32mPASS[0m in 0.06s]
[0m18:47:26.689843 [debug] [Thread-3 (]: Finished running node test.ecom_dbt.not_null_stg_order_items_line_number.98cc63d226
[0m18:47:26.690071 [debug] [Thread-4 (]: SQL status: SELECT 1 in 0.006 seconds
[0m18:47:26.690281 [debug] [Thread-2 (]: SQL status: SELECT 1 in 0.002 seconds
[0m18:47:26.690482 [debug] [Thread-1 (]: SQL status: SELECT 1 in 0.002 seconds
[0m18:47:26.690739 [debug] [Thread-3 (]: Began running node test.ecom_dbt.not_null_stg_orders_customer_id.af79d5e4b5
[0m18:47:26.691708 [debug] [Thread-4 (]: On test.ecom_dbt.not_null_stg_order_items_order_id.2063801f96: ROLLBACK
[0m18:47:26.692558 [debug] [Thread-2 (]: On test.ecom_dbt.not_null_stg_customers_email.d7cf761533: ROLLBACK
[0m18:47:26.693187 [debug] [Thread-1 (]: On test.ecom_dbt.not_null_stg_customers_customer_id.e2cfb1f9aa: ROLLBACK
[0m18:47:26.693477 [info ] [Thread-3 (]: 5 of 11 START test not_null_stg_orders_customer_id ............................. [RUN]
[0m18:47:26.694012 [debug] [Thread-3 (]: Re-using an available connection from the pool (formerly test.ecom_dbt.not_null_stg_order_items_line_number.98cc63d226, now test.ecom_dbt.not_null_stg_orders_customer_id.af79d5e4b5)
[0m18:47:26.694205 [debug] [Thread-3 (]: Began compiling node test.ecom_dbt.not_null_stg_orders_customer_id.af79d5e4b5
[0m18:47:26.694399 [debug] [Thread-4 (]: On test.ecom_dbt.not_null_stg_order_items_order_id.2063801f96: Close
[0m18:47:26.697005 [debug] [Thread-3 (]: Writing injected SQL for node "test.ecom_dbt.not_null_stg_orders_customer_id.af79d5e4b5"
[0m18:47:26.697247 [debug] [Thread-2 (]: On test.ecom_dbt.not_null_stg_customers_email.d7cf761533: Close
[0m18:47:26.697440 [debug] [Thread-1 (]: On test.ecom_dbt.not_null_stg_customers_customer_id.e2cfb1f9aa: Close
[0m18:47:26.697866 [info ] [Thread-4 (]: 4 of 11 PASS not_null_stg_order_items_order_id ................................. [[32mPASS[0m in 0.07s]
[0m18:47:26.698282 [info ] [Thread-2 (]: 2 of 11 PASS not_null_stg_customers_email ...................................... [[32mPASS[0m in 0.07s]
[0m18:47:26.698586 [info ] [Thread-1 (]: 1 of 11 PASS not_null_stg_customers_customer_id ................................ [[32mPASS[0m in 0.07s]
[0m18:47:26.698882 [debug] [Thread-3 (]: Began executing node test.ecom_dbt.not_null_stg_orders_customer_id.af79d5e4b5
[0m18:47:26.699159 [debug] [Thread-4 (]: Finished running node test.ecom_dbt.not_null_stg_order_items_order_id.2063801f96
[0m18:47:26.699458 [debug] [Thread-2 (]: Finished running node test.ecom_dbt.not_null_stg_customers_email.d7cf761533
[0m18:47:26.699739 [debug] [Thread-1 (]: Finished running node test.ecom_dbt.not_null_stg_customers_customer_id.e2cfb1f9aa
[0m18:47:26.701233 [debug] [Thread-3 (]: Writing runtime sql for node "test.ecom_dbt.not_null_stg_orders_customer_id.af79d5e4b5"
[0m18:47:26.701478 [debug] [Thread-4 (]: Began running node test.ecom_dbt.not_null_stg_orders_order_id.81cfe2fe64
[0m18:47:26.701731 [debug] [Thread-2 (]: Began running node test.ecom_dbt.not_null_stg_products_price.2d147627d4
[0m18:47:26.702069 [debug] [Thread-1 (]: Began running node test.ecom_dbt.not_null_stg_products_product_id.6373b0acf3
[0m18:47:26.702434 [info ] [Thread-4 (]: 6 of 11 START test not_null_stg_orders_order_id ................................ [RUN]
[0m18:47:26.702740 [info ] [Thread-2 (]: 7 of 11 START test not_null_stg_products_price ................................. [RUN]
[0m18:47:26.703029 [debug] [Thread-3 (]: Using postgres connection "test.ecom_dbt.not_null_stg_orders_customer_id.af79d5e4b5"
[0m18:47:26.703243 [info ] [Thread-1 (]: 8 of 11 START test not_null_stg_products_product_id ............................ [RUN]
[0m18:47:26.703536 [debug] [Thread-4 (]: Re-using an available connection from the pool (formerly test.ecom_dbt.not_null_stg_order_items_order_id.2063801f96, now test.ecom_dbt.not_null_stg_orders_order_id.81cfe2fe64)
[0m18:47:26.703746 [debug] [Thread-2 (]: Re-using an available connection from the pool (formerly test.ecom_dbt.not_null_stg_customers_email.d7cf761533, now test.ecom_dbt.not_null_stg_products_price.2d147627d4)
[0m18:47:26.703957 [debug] [Thread-3 (]: On test.ecom_dbt.not_null_stg_orders_customer_id.af79d5e4b5: BEGIN
[0m18:47:26.704145 [debug] [Thread-1 (]: Re-using an available connection from the pool (formerly test.ecom_dbt.not_null_stg_customers_customer_id.e2cfb1f9aa, now test.ecom_dbt.not_null_stg_products_product_id.6373b0acf3)
[0m18:47:26.704322 [debug] [Thread-4 (]: Began compiling node test.ecom_dbt.not_null_stg_orders_order_id.81cfe2fe64
[0m18:47:26.704511 [debug] [Thread-2 (]: Began compiling node test.ecom_dbt.not_null_stg_products_price.2d147627d4
[0m18:47:26.704676 [debug] [Thread-3 (]: Opening a new connection, currently in state closed
[0m18:47:26.704831 [debug] [Thread-1 (]: Began compiling node test.ecom_dbt.not_null_stg_products_product_id.6373b0acf3
[0m18:47:26.707256 [debug] [Thread-4 (]: Writing injected SQL for node "test.ecom_dbt.not_null_stg_orders_order_id.81cfe2fe64"
[0m18:47:26.709574 [debug] [Thread-2 (]: Writing injected SQL for node "test.ecom_dbt.not_null_stg_products_price.2d147627d4"
[0m18:47:26.712368 [debug] [Thread-1 (]: Writing injected SQL for node "test.ecom_dbt.not_null_stg_products_product_id.6373b0acf3"
[0m18:47:26.712960 [debug] [Thread-4 (]: Began executing node test.ecom_dbt.not_null_stg_orders_order_id.81cfe2fe64
[0m18:47:26.713200 [debug] [Thread-1 (]: Began executing node test.ecom_dbt.not_null_stg_products_product_id.6373b0acf3
[0m18:47:26.713414 [debug] [Thread-2 (]: Began executing node test.ecom_dbt.not_null_stg_products_price.2d147627d4
[0m18:47:26.714666 [debug] [Thread-4 (]: Writing runtime sql for node "test.ecom_dbt.not_null_stg_orders_order_id.81cfe2fe64"
[0m18:47:26.715711 [debug] [Thread-1 (]: Writing runtime sql for node "test.ecom_dbt.not_null_stg_products_product_id.6373b0acf3"
[0m18:47:26.716738 [debug] [Thread-2 (]: Writing runtime sql for node "test.ecom_dbt.not_null_stg_products_price.2d147627d4"
[0m18:47:26.717643 [debug] [Thread-4 (]: Using postgres connection "test.ecom_dbt.not_null_stg_orders_order_id.81cfe2fe64"
[0m18:47:26.717956 [debug] [Thread-2 (]: Using postgres connection "test.ecom_dbt.not_null_stg_products_price.2d147627d4"
[0m18:47:26.718127 [debug] [Thread-4 (]: On test.ecom_dbt.not_null_stg_orders_order_id.81cfe2fe64: BEGIN
[0m18:47:26.718364 [debug] [Thread-1 (]: Using postgres connection "test.ecom_dbt.not_null_stg_products_product_id.6373b0acf3"
[0m18:47:26.718541 [debug] [Thread-2 (]: On test.ecom_dbt.not_null_stg_products_price.2d147627d4: BEGIN
[0m18:47:26.718777 [debug] [Thread-4 (]: Opening a new connection, currently in state closed
[0m18:47:26.719007 [debug] [Thread-3 (]: SQL status: BEGIN in 0.014 seconds
[0m18:47:26.719224 [debug] [Thread-1 (]: On test.ecom_dbt.not_null_stg_products_product_id.6373b0acf3: BEGIN
[0m18:47:26.719405 [debug] [Thread-2 (]: Opening a new connection, currently in state closed
[0m18:47:26.719679 [debug] [Thread-3 (]: Using postgres connection "test.ecom_dbt.not_null_stg_orders_customer_id.af79d5e4b5"
[0m18:47:26.719868 [debug] [Thread-1 (]: Opening a new connection, currently in state closed
[0m18:47:26.720160 [debug] [Thread-3 (]: On test.ecom_dbt.not_null_stg_orders_customer_id.af79d5e4b5: /* {"app": "dbt", "dbt_version": "1.8.2", "profile_name": "ecom_profile", "target_name": "dev", "node_id": "test.ecom_dbt.not_null_stg_orders_customer_id.af79d5e4b5"} */
select
      count(*) as failures,
      count(*) != 0 as should_warn,
      count(*) != 0 as should_error
    from (
      
    
    



select customer_id
from "ecom_warehouse"."staging_staging"."stg_orders"
where customer_id is null



      
    ) dbt_internal_test
[0m18:47:26.722578 [debug] [Thread-3 (]: SQL status: SELECT 1 in 0.002 seconds
[0m18:47:26.723489 [debug] [Thread-3 (]: On test.ecom_dbt.not_null_stg_orders_customer_id.af79d5e4b5: ROLLBACK
[0m18:47:26.724152 [debug] [Thread-3 (]: On test.ecom_dbt.not_null_stg_orders_customer_id.af79d5e4b5: Close
[0m18:47:26.724633 [info ] [Thread-3 (]: 5 of 11 PASS not_null_stg_orders_customer_id ................................... [[32mPASS[0m in 0.03s]
[0m18:47:26.725008 [debug] [Thread-3 (]: Finished running node test.ecom_dbt.not_null_stg_orders_customer_id.af79d5e4b5
[0m18:47:26.725301 [debug] [Thread-3 (]: Began running node test.ecom_dbt.unique_stg_customers_customer_id.c7614daada
[0m18:47:26.725712 [info ] [Thread-3 (]: 9 of 11 START test unique_stg_customers_customer_id ............................ [RUN]
[0m18:47:26.726070 [debug] [Thread-3 (]: Re-using an available connection from the pool (formerly test.ecom_dbt.not_null_stg_orders_customer_id.af79d5e4b5, now test.ecom_dbt.unique_stg_customers_customer_id.c7614daada)
[0m18:47:26.726255 [debug] [Thread-3 (]: Began compiling node test.ecom_dbt.unique_stg_customers_customer_id.c7614daada
[0m18:47:26.731579 [debug] [Thread-3 (]: Writing injected SQL for node "test.ecom_dbt.unique_stg_customers_customer_id.c7614daada"
[0m18:47:26.732133 [debug] [Thread-3 (]: Began executing node test.ecom_dbt.unique_stg_customers_customer_id.c7614daada
[0m18:47:26.733506 [debug] [Thread-3 (]: Writing runtime sql for node "test.ecom_dbt.unique_stg_customers_customer_id.c7614daada"
[0m18:47:26.733743 [debug] [Thread-2 (]: SQL status: BEGIN in 0.014 seconds
[0m18:47:26.733975 [debug] [Thread-4 (]: SQL status: BEGIN in 0.015 seconds
[0m18:47:26.734206 [debug] [Thread-2 (]: Using postgres connection "test.ecom_dbt.not_null_stg_products_price.2d147627d4"
[0m18:47:26.734865 [debug] [Thread-4 (]: Using postgres connection "test.ecom_dbt.not_null_stg_orders_order_id.81cfe2fe64"
[0m18:47:26.735335 [debug] [Thread-2 (]: On test.ecom_dbt.not_null_stg_products_price.2d147627d4: /* {"app": "dbt", "dbt_version": "1.8.2", "profile_name": "ecom_profile", "target_name": "dev", "node_id": "test.ecom_dbt.not_null_stg_products_price.2d147627d4"} */
select
      count(*) as failures,
      count(*) != 0 as should_warn,
      count(*) != 0 as should_error
    from (
      
    
    



select price
from "ecom_warehouse"."staging_staging"."stg_products"
where price is null



      
    ) dbt_internal_test
[0m18:47:26.736309 [debug] [Thread-3 (]: Using postgres connection "test.ecom_dbt.unique_stg_customers_customer_id.c7614daada"
[0m18:47:26.737933 [debug] [Thread-4 (]: On test.ecom_dbt.not_null_stg_orders_order_id.81cfe2fe64: /* {"app": "dbt", "dbt_version": "1.8.2", "profile_name": "ecom_profile", "target_name": "dev", "node_id": "test.ecom_dbt.not_null_stg_orders_order_id.81cfe2fe64"} */
select
      count(*) as failures,
      count(*) != 0 as should_warn,
      count(*) != 0 as should_error
    from (
      
    
    



select order_id
from "ecom_warehouse"."staging_staging"."stg_orders"
where order_id is null



      
    ) dbt_internal_test
[0m18:47:26.738449 [debug] [Thread-1 (]: SQL status: BEGIN in 0.019 seconds
[0m18:47:26.738725 [debug] [Thread-3 (]: On test.ecom_dbt.unique_stg_customers_customer_id.c7614daada: BEGIN
[0m18:47:26.738967 [debug] [Thread-1 (]: Using postgres connection "test.ecom_dbt.not_null_stg_products_product_id.6373b0acf3"
[0m18:47:26.739136 [debug] [Thread-3 (]: Opening a new connection, currently in state closed
[0m18:47:26.739413 [debug] [Thread-1 (]: On test.ecom_dbt.not_null_stg_products_product_id.6373b0acf3: /* {"app": "dbt", "dbt_version": "1.8.2", "profile_name": "ecom_profile", "target_name": "dev", "node_id": "test.ecom_dbt.not_null_stg_products_product_id.6373b0acf3"} */
select
      count(*) as failures,
      count(*) != 0 as should_warn,
      count(*) != 0 as should_error
    from (
      
    
    



select product_id
from "ecom_warehouse"."staging_staging"."stg_products"
where product_id is null



      
    ) dbt_internal_test
[0m18:47:26.739866 [debug] [Thread-2 (]: SQL status: SELECT 1 in 0.002 seconds
[0m18:47:26.740702 [debug] [Thread-2 (]: On test.ecom_dbt.not_null_stg_products_price.2d147627d4: ROLLBACK
[0m18:47:26.740997 [debug] [Thread-4 (]: SQL status: SELECT 1 in 0.002 seconds
[0m18:47:26.741605 [debug] [Thread-4 (]: On test.ecom_dbt.not_null_stg_orders_order_id.81cfe2fe64: ROLLBACK
[0m18:47:26.741780 [debug] [Thread-2 (]: On test.ecom_dbt.not_null_stg_products_price.2d147627d4: Close
[0m18:47:26.742241 [info ] [Thread-2 (]: 7 of 11 PASS not_null_stg_products_price ....................................... [[32mPASS[0m in 0.04s]
[0m18:47:26.742637 [debug] [Thread-4 (]: On test.ecom_dbt.not_null_stg_orders_order_id.81cfe2fe64: Close
[0m18:47:26.743009 [debug] [Thread-2 (]: Finished running node test.ecom_dbt.not_null_stg_products_price.2d147627d4
[0m18:47:26.743580 [debug] [Thread-2 (]: Began running node test.ecom_dbt.unique_stg_orders_order_id.e3b841c71a
[0m18:47:26.743338 [info ] [Thread-4 (]: 6 of 11 PASS not_null_stg_orders_order_id ...................................... [[32mPASS[0m in 0.04s]
[0m18:47:26.744031 [info ] [Thread-2 (]: 10 of 11 START test unique_stg_orders_order_id ................................. [RUN]
[0m18:47:26.744284 [debug] [Thread-1 (]: SQL status: SELECT 1 in 0.004 seconds
[0m18:47:26.744662 [debug] [Thread-4 (]: Finished running node test.ecom_dbt.not_null_stg_orders_order_id.81cfe2fe64
[0m18:47:26.744950 [debug] [Thread-2 (]: Re-using an available connection from the pool (formerly test.ecom_dbt.not_null_stg_products_price.2d147627d4, now test.ecom_dbt.unique_stg_orders_order_id.e3b841c71a)
[0m18:47:26.745724 [debug] [Thread-1 (]: On test.ecom_dbt.not_null_stg_products_product_id.6373b0acf3: ROLLBACK
[0m18:47:26.745935 [debug] [Thread-4 (]: Began running node test.ecom_dbt.unique_stg_products_product_id.7d950a1467
[0m18:47:26.746156 [debug] [Thread-2 (]: Began compiling node test.ecom_dbt.unique_stg_orders_order_id.e3b841c71a
[0m18:47:26.746445 [info ] [Thread-4 (]: 11 of 11 START test unique_stg_products_product_id ............................. [RUN]
[0m18:47:26.748862 [debug] [Thread-2 (]: Writing injected SQL for node "test.ecom_dbt.unique_stg_orders_order_id.e3b841c71a"
[0m18:47:26.749054 [debug] [Thread-1 (]: On test.ecom_dbt.not_null_stg_products_product_id.6373b0acf3: Close
[0m18:47:26.749417 [debug] [Thread-4 (]: Re-using an available connection from the pool (formerly test.ecom_dbt.not_null_stg_orders_order_id.81cfe2fe64, now test.ecom_dbt.unique_stg_products_product_id.7d950a1467)
[0m18:47:26.749826 [debug] [Thread-4 (]: Began compiling node test.ecom_dbt.unique_stg_products_product_id.7d950a1467
[0m18:47:26.750127 [info ] [Thread-1 (]: 8 of 11 PASS not_null_stg_products_product_id .................................. [[32mPASS[0m in 0.05s]
[0m18:47:26.752265 [debug] [Thread-4 (]: Writing injected SQL for node "test.ecom_dbt.unique_stg_products_product_id.7d950a1467"
[0m18:47:26.752461 [debug] [Thread-2 (]: Began executing node test.ecom_dbt.unique_stg_orders_order_id.e3b841c71a
[0m18:47:26.752891 [debug] [Thread-1 (]: Finished running node test.ecom_dbt.not_null_stg_products_product_id.6373b0acf3
[0m18:47:26.754191 [debug] [Thread-2 (]: Writing runtime sql for node "test.ecom_dbt.unique_stg_orders_order_id.e3b841c71a"
[0m18:47:26.754555 [debug] [Thread-4 (]: Began executing node test.ecom_dbt.unique_stg_products_product_id.7d950a1467
[0m18:47:26.755872 [debug] [Thread-4 (]: Writing runtime sql for node "test.ecom_dbt.unique_stg_products_product_id.7d950a1467"
[0m18:47:26.756127 [debug] [Thread-3 (]: SQL status: BEGIN in 0.017 seconds
[0m18:47:26.756431 [debug] [Thread-3 (]: Using postgres connection "test.ecom_dbt.unique_stg_customers_customer_id.c7614daada"
[0m18:47:26.756691 [debug] [Thread-2 (]: Using postgres connection "test.ecom_dbt.unique_stg_orders_order_id.e3b841c71a"
[0m18:47:26.756916 [debug] [Thread-3 (]: On test.ecom_dbt.unique_stg_customers_customer_id.c7614daada: /* {"app": "dbt", "dbt_version": "1.8.2", "profile_name": "ecom_profile", "target_name": "dev", "node_id": "test.ecom_dbt.unique_stg_customers_customer_id.c7614daada"} */
select
      count(*) as failures,
      count(*) != 0 as should_warn,
      count(*) != 0 as should_error
    from (
      
    
    

select
    customer_id as unique_field,
    count(*) as n_records

from "ecom_warehouse"."staging_staging"."stg_customers"
where customer_id is not null
group by customer_id
having count(*) > 1



      
    ) dbt_internal_test
[0m18:47:26.757096 [debug] [Thread-2 (]: On test.ecom_dbt.unique_stg_orders_order_id.e3b841c71a: BEGIN
[0m18:47:26.757258 [debug] [Thread-4 (]: Using postgres connection "test.ecom_dbt.unique_stg_products_product_id.7d950a1467"
[0m18:47:26.757493 [debug] [Thread-2 (]: Opening a new connection, currently in state closed
[0m18:47:26.757674 [debug] [Thread-4 (]: On test.ecom_dbt.unique_stg_products_product_id.7d950a1467: BEGIN
[0m18:47:26.757954 [debug] [Thread-4 (]: Opening a new connection, currently in state closed
[0m18:47:26.759248 [debug] [Thread-3 (]: SQL status: SELECT 1 in 0.002 seconds
[0m18:47:26.759998 [debug] [Thread-3 (]: On test.ecom_dbt.unique_stg_customers_customer_id.c7614daada: ROLLBACK
[0m18:47:26.760602 [debug] [Thread-3 (]: On test.ecom_dbt.unique_stg_customers_customer_id.c7614daada: Close
[0m18:47:26.760926 [info ] [Thread-3 (]: 9 of 11 PASS unique_stg_customers_customer_id .................................. [[32mPASS[0m in 0.03s]
[0m18:47:26.761205 [debug] [Thread-3 (]: Finished running node test.ecom_dbt.unique_stg_customers_customer_id.c7614daada
[0m18:47:26.767318 [debug] [Thread-4 (]: SQL status: BEGIN in 0.009 seconds
[0m18:47:26.767571 [debug] [Thread-2 (]: SQL status: BEGIN in 0.010 seconds
[0m18:47:26.767866 [debug] [Thread-4 (]: Using postgres connection "test.ecom_dbt.unique_stg_products_product_id.7d950a1467"
[0m18:47:26.768150 [debug] [Thread-2 (]: Using postgres connection "test.ecom_dbt.unique_stg_orders_order_id.e3b841c71a"
[0m18:47:26.768403 [debug] [Thread-4 (]: On test.ecom_dbt.unique_stg_products_product_id.7d950a1467: /* {"app": "dbt", "dbt_version": "1.8.2", "profile_name": "ecom_profile", "target_name": "dev", "node_id": "test.ecom_dbt.unique_stg_products_product_id.7d950a1467"} */
select
      count(*) as failures,
      count(*) != 0 as should_warn,
      count(*) != 0 as should_error
    from (
      
    
    

select
    product_id as unique_field,
    count(*) as n_records

from "ecom_warehouse"."staging_staging"."stg_products"
where product_id is not null
group by product_id
having count(*) > 1



      
    ) dbt_internal_test
[0m18:47:26.768624 [debug] [Thread-2 (]: On test.ecom_dbt.unique_stg_orders_order_id.e3b841c71a: /* {"app": "dbt", "dbt_version": "1.8.2", "profile_name": "ecom_profile", "target_name": "dev", "node_id": "test.ecom_dbt.unique_stg_orders_order_id.e3b841c71a"} */
select
      count(*) as failures,
      count(*) != 0 as should_warn,
      count(*) != 0 as should_error
    from (
      
    
    

select
    order_id as unique_field,
    count(*) as n_records

from "ecom_warehouse"."staging_staging"."stg_orders"
where order_id is not null
group by order_id
having count(*) > 1



      
    ) dbt_internal_test
[0m18:47:26.770160 [debug] [Thread-4 (]: SQL status: SELECT 1 in 0.001 seconds
[0m18:47:26.770414 [debug] [Thread-2 (]: SQL status: SELECT 1 in 0.002 seconds
[0m18:47:26.771352 [debug] [Thread-4 (]: On test.ecom_dbt.unique_stg_products_product_id.7d950a1467: ROLLBACK
[0m18:47:26.772176 [debug] [Thread-2 (]: On test.ecom_dbt.unique_stg_orders_order_id.e3b841c71a: ROLLBACK
[0m18:47:26.773044 [debug] [Thread-4 (]: On test.ecom_dbt.unique_stg_products_product_id.7d950a1467: Close
[0m18:47:26.773272 [debug] [Thread-2 (]: On test.ecom_dbt.unique_stg_orders_order_id.e3b841c71a: Close
[0m18:47:26.773677 [info ] [Thread-4 (]: 11 of 11 PASS unique_stg_products_product_id ................................... [[32mPASS[0m in 0.02s]
[0m18:47:26.773949 [info ] [Thread-2 (]: 10 of 11 PASS unique_stg_orders_order_id ....................................... [[32mPASS[0m in 0.03s]
[0m18:47:26.774430 [debug] [Thread-4 (]: Finished running node test.ecom_dbt.unique_stg_products_product_id.7d950a1467
[0m18:47:26.774681 [debug] [Thread-2 (]: Finished running node test.ecom_dbt.unique_stg_orders_order_id.e3b841c71a
[0m18:47:26.775732 [debug] [MainThread]: Using postgres connection "master"
[0m18:47:26.775893 [debug] [MainThread]: On master: BEGIN
[0m18:47:26.776011 [debug] [MainThread]: Opening a new connection, currently in state closed
[0m18:47:26.786739 [debug] [MainThread]: SQL status: BEGIN in 0.011 seconds
[0m18:47:26.786973 [debug] [MainThread]: On master: COMMIT
[0m18:47:26.787100 [debug] [MainThread]: Using postgres connection "master"
[0m18:47:26.787217 [debug] [MainThread]: On master: COMMIT
[0m18:47:26.787914 [debug] [MainThread]: SQL status: COMMIT in 0.001 seconds
[0m18:47:26.788201 [debug] [MainThread]: On master: Close
[0m18:47:26.788492 [debug] [MainThread]: Connection 'master' was properly closed.
[0m18:47:26.788671 [debug] [MainThread]: Connection 'test.ecom_dbt.not_null_stg_products_product_id.6373b0acf3' was properly closed.
[0m18:47:26.788797 [debug] [MainThread]: Connection 'test.ecom_dbt.unique_stg_orders_order_id.e3b841c71a' was properly closed.
[0m18:47:26.788905 [debug] [MainThread]: Connection 'test.ecom_dbt.unique_stg_customers_customer_id.c7614daada' was properly closed.
[0m18:47:26.789009 [debug] [MainThread]: Connection 'test.ecom_dbt.unique_stg_products_product_id.7d950a1467' was properly closed.
[0m18:47:26.789170 [info ] [MainThread]: 
[0m18:47:26.789327 [info ] [MainThread]: Finished running 11 data tests in 0 hours 0 minutes and 0.28 seconds (0.28s).
[0m18:47:26.790146 [debug] [MainThread]: Command end result
[0m18:47:26.842668 [info ] [MainThread]: 
[0m18:47:26.842924 [info ] [MainThread]: [32mCompleted successfully[0m
[0m18:47:26.843067 [info ] [MainThread]: 
[0m18:47:26.843209 [info ] [MainThread]: Done. PASS=11 WARN=0 ERROR=0 SKIP=0 TOTAL=11
[0m18:47:26.845226 [debug] [MainThread]: Resource report: {"command_name": "test", "command_success": true, "command_wall_clock_time": 0.7141962, "process_user_time": 1.221035, "process_kernel_time": 0.249871, "process_mem_max_rss": "130187264", "process_in_blocks": "0", "process_out_blocks": "0"}
[0m18:47:26.845613 [debug] [MainThread]: Command `dbt test` succeeded at 18:47:26.845547 after 0.71 seconds
[0m18:47:26.845862 [debug] [MainThread]: Sending event: {'category': 'dbt', 'action': 'invocation', 'label': 'end', 'context': [<snowplow_tracker.self_describing_json.SelfDescribingJson object at 0x102ec6210>, <snowplow_tracker.self_describing_json.SelfDescribingJson object at 0x102f7d650>, <snowplow_tracker.self_describing_json.SelfDescribingJson object at 0x113c0ee10>]}
[0m18:47:26.846095 [debug] [MainThread]: Flushing usage events
